<?xml version="1.0" encoding="UTF-8"?>
<gpx version="1.1" creator="http://ridewithgps.com/" schemaLocation="http://www.topografix.com/GPX/1/1 http://www.topografix.com/GPX/1/1/gpx.xsd http://www.cluetrust.com/XML/GPXDATA/1/0 http://www.cluetrust.com/Schemas/gpxdata10.xsd" xmlns="http://www.topografix.com/GPX/1/1" xmlns:xsi="http://www.w3.org/2001/XMLSchema-instance" xsi:schemaLocation="http://www.topografix.com/GPX/1/1 http://www.topografix.com/GPX/1/1/gpx.xsd http://www.garmin.com/xmlschemas/GpxExtensions/v3 http://www.garmin.com/xmlschemas/GpxExtensionsv3.xsd http://www.garmin.com/xmlschemas/TrackPointExtension/v1 http://www.garmin.com/xmlschemas/TrackPointExtensionv1.xsd http://www.garmin.com/xmlschemas/PowerExtension/v1 http://www.garmin.com/xmlschemas/PowerExtensionv1.xsd http://www.topografix.com/GPX/gpx_style/0/2 http://www.topografix.com/GPX/gpx_style/0/2/gpx_style.xsd" xmlns:gpxtpx="http://www.garmin.com/xmlschemas/TrackPointExtension/v1" xmlns:gpxx="http://www.garmin.com/xmlschemas/GpxExtensions/v3" xmlns:gpxpx="http://www.garmin.com/xmlschemas/PowerExtension/v1" xmlns:gpx_style="http://www.topografix.com/GPX/gpx_style/0/2">
  <metadata>
    <name>Matt&apos;s Transcontinental</name>
    <author>
      <name>gpx.studio</name>
      <link href="https://gpx.studio"/>
    </author>
    <link href="https://ridewithgps.com/routes/55654416">
      <text>Matt&apos;s Transcontinental</text>
    </link>
    <time>2026-06-14T11:38:27.000Z</time>
  </metadata>
  <wpt lat="38.81650636279616" lon="-89.94728114909267">
    <name>Start of Quercus Trail</name>
    <cmt>trailhead</cmt>
    <desc>An asphalt/limestone trail stretching 18.9 miles.</desc>
    <sym>Dot</sym>
    <type>info</type>
  </wpt>
  <wpt lat="38.90329360961914" lon="-90.33171844">
    <name>End of Katy Trail</name>
    <cmt>trailhead</cmt>
    <desc>The eastern end of the Katy Trail, marking the finish of the state’s longest rail-to-trail corridor.</desc>
    <sym>Dot</sym>
    <type>info</type>
  </wpt>
  <trk>
    <name>Matt&apos;s Transcontinental</name>
    <trkseg>
      <trkpt lat="43.9799" lon="-124.10121">
        <ele>12.7</ele>
      </trkpt>
      <trkpt lat="43.97468" lon="-124.10118">
        <ele>5.1</ele>
      </trkpt>
      <trkpt lat="43.97643" lon="-124.08398">
        <ele>6.4</ele>
      </trkpt>
      <trkpt lat="43.98924" lon="-124.08122">
        <ele>8.8</ele>
      </trkpt>
      <trkpt lat="43.99363" lon="-124.06577">
        <ele>10.4</ele>
      </trkpt>
      <trkpt lat="44.00512" lon="-124.07214">
        <ele>10.6</ele>
      </trkpt>
      <trkpt lat="44.01798" lon="-124.06329">
        <ele>11.9</ele>
      </trkpt>
      <trkpt lat="44.0161" lon="-124.04341">
        <ele>8.6</ele>
      </trkpt>
      <trkpt lat="44.02153" lon="-124.03708">
        <ele>8.6</ele>
      </trkpt>
      <trkpt lat="44.02199" lon="-124.0278">
        <ele>11.4</ele>
      </trkpt>
      <trkpt lat="44.04824" lon="-124.01892">
        <ele>15.8</ele>
      </trkpt>
      <trkpt lat="44.04982" lon="-124.00101">
        <ele>8.9</ele>
      </trkpt>
      <trkpt lat="44.05664" lon="-123.98329">
        <ele>10.3</ele>
      </trkpt>
      <trkpt lat="44.0754" lon="-123.94675">
        <ele>21.7</ele>
      </trkpt>
      <trkpt lat="44.07248" lon="-123.93037">
        <ele>42.7</ele>
      </trkpt>
      <trkpt lat="44.07262" lon="-123.91174">
        <ele>207.4</ele>
      </trkpt>
      <trkpt lat="44.0752" lon="-123.91279">
        <ele>205.4</ele>
      </trkpt>
      <trkpt lat="44.06971" lon="-123.90813">
        <ele>288.5</ele>
      </trkpt>
      <trkpt lat="44.07171" lon="-123.90069">
        <ele>218.5</ele>
      </trkpt>
      <trkpt lat="44.06181" lon="-123.8848">
        <ele>11.1</ele>
      </trkpt>
      <trkpt lat="44.07525" lon="-123.87451">
        <ele>10.1</ele>
      </trkpt>
      <trkpt lat="44.07642" lon="-123.86784">
        <ele>18.8</ele>
      </trkpt>
      <trkpt lat="44.07295" lon="-123.84781">
        <ele>21.5</ele>
      </trkpt>
      <trkpt lat="44.05805" lon="-123.816">
        <ele>35.7</ele>
      </trkpt>
      <trkpt lat="44.0567" lon="-123.7972">
        <ele>42.6</ele>
      </trkpt>
      <trkpt lat="44.07161" lon="-123.78724">
        <ele>51.1</ele>
      </trkpt>
      <trkpt lat="44.0769" lon="-123.79435">
        <ele>57.7</ele>
      </trkpt>
      <trkpt lat="44.08663" lon="-123.77141">
        <ele>99.4</ele>
      </trkpt>
      <trkpt lat="44.09356" lon="-123.77583">
        <ele>77.8</ele>
      </trkpt>
      <trkpt lat="44.09746" lon="-123.69864">
        <ele>103.2</ele>
      </trkpt>
      <trkpt lat="44.10525" lon="-123.67511">
        <ele>108.4</ele>
      </trkpt>
      <trkpt lat="44.12017" lon="-123.66156">
        <ele>118</ele>
      </trkpt>
      <trkpt lat="44.11924" lon="-123.63482">
        <ele>117.2</ele>
      </trkpt>
      <trkpt lat="44.12285" lon="-123.62012">
        <ele>122.1</ele>
      </trkpt>
      <trkpt lat="44.13583" lon="-123.60998">
        <ele>122.4</ele>
      </trkpt>
      <trkpt lat="44.13791" lon="-123.59004">
        <ele>130.3</ele>
      </trkpt>
      <trkpt lat="44.15566" lon="-123.58509">
        <ele>162.7</ele>
      </trkpt>
      <trkpt lat="44.1587" lon="-123.57276">
        <ele>209.1</ele>
      </trkpt>
      <trkpt lat="44.17765" lon="-123.58385">
        <ele>212</ele>
      </trkpt>
      <trkpt lat="44.17721" lon="-123.57049">
        <ele>213.4</ele>
      </trkpt>
      <trkpt lat="44.18178" lon="-123.56343">
        <ele>211.7</ele>
      </trkpt>
      <trkpt lat="44.18834" lon="-123.563">
        <ele>217.1</ele>
      </trkpt>
      <trkpt lat="44.18732" lon="-123.55214">
        <ele>215.7</ele>
      </trkpt>
      <trkpt lat="44.19657" lon="-123.54534">
        <ele>217.5</ele>
      </trkpt>
      <trkpt lat="44.18872" lon="-123.49805">
        <ele>234.1</ele>
      </trkpt>
      <trkpt lat="44.18957" lon="-123.48329">
        <ele>314.2</ele>
      </trkpt>
      <trkpt lat="44.19686" lon="-123.46805">
        <ele>205.2</ele>
      </trkpt>
      <trkpt lat="44.18769" lon="-123.45328">
        <ele>183.8</ele>
      </trkpt>
      <trkpt lat="44.16597" lon="-123.43933">
        <ele>179</ele>
      </trkpt>
      <trkpt lat="44.15924" lon="-123.425">
        <ele>174.6</ele>
      </trkpt>
      <trkpt lat="44.1449" lon="-123.42733">
        <ele>175.1</ele>
      </trkpt>
      <trkpt lat="44.13979" lon="-123.42151">
        <ele>171.4</ele>
      </trkpt>
      <trkpt lat="44.13663" lon="-123.40733">
        <ele>177.9</ele>
      </trkpt>
      <trkpt lat="44.14662" lon="-123.39158">
        <ele>189.1</ele>
      </trkpt>
      <trkpt lat="44.14928" lon="-123.37138">
        <ele>192.9</ele>
      </trkpt>
      <trkpt lat="44.14368" lon="-123.37098">
        <ele>183.9</ele>
      </trkpt>
      <trkpt lat="44.13306" lon="-123.34834">
        <ele>194.8</ele>
      </trkpt>
      <trkpt lat="44.11804" lon="-123.34492">
        <ele>140.7</ele>
      </trkpt>
      <trkpt lat="44.11796" lon="-123.32485">
        <ele>118.2</ele>
      </trkpt>
      <trkpt lat="44.12349" lon="-123.31065">
        <ele>127</ele>
      </trkpt>
      <trkpt lat="44.11377" lon="-123.26628">
        <ele>122.6</ele>
      </trkpt>
      <trkpt lat="44.10678" lon="-123.26282">
        <ele>119.2</ele>
      </trkpt>
      <trkpt lat="44.10656" lon="-123.23966">
        <ele>115.6</ele>
      </trkpt>
      <trkpt lat="44.09274" lon="-123.23961">
        <ele>118.4</ele>
      </trkpt>
      <trkpt lat="44.07043" lon="-123.23469">
        <ele>121.6</ele>
      </trkpt>
      <trkpt lat="44.06858" lon="-123.19952">
        <ele>115.7</ele>
      </trkpt>
      <trkpt lat="44.04964" lon="-123.18105">
        <ele>119.3</ele>
      </trkpt>
      <trkpt lat="44.0455" lon="-123.09732">
        <ele>128.3</ele>
      </trkpt>
      <trkpt lat="44.05092" lon="-123.09732">
        <ele>129.2</ele>
      </trkpt>
      <trkpt lat="44.05101" lon="-123.08816">
        <ele>130.3</ele>
      </trkpt>
      <trkpt lat="44.05541" lon="-123.08815">
        <ele>132.4</ele>
      </trkpt>
      <trkpt lat="44.06973" lon="-123.06973">
        <ele>129.2</ele>
      </trkpt>
      <trkpt lat="44.09612" lon="-123.06749">
        <ele>127.6</ele>
      </trkpt>
      <trkpt lat="44.11369" lon="-123.04694">
        <ele>130.2</ele>
      </trkpt>
      <trkpt lat="44.1078" lon="-123.0316">
        <ele>149.1</ele>
      </trkpt>
      <trkpt lat="44.0918" lon="-123.0233">
        <ele>134.1</ele>
      </trkpt>
      <trkpt lat="44.08275" lon="-122.99768">
        <ele>152.2</ele>
      </trkpt>
      <trkpt lat="44.0848" lon="-122.97979">
        <ele>156.4</ele>
      </trkpt>
      <trkpt lat="44.09642" lon="-122.95631">
        <ele>149.1</ele>
      </trkpt>
      <trkpt lat="44.07357" lon="-122.96265">
        <ele>149.9</ele>
      </trkpt>
      <trkpt lat="44.06633" lon="-122.95341">
        <ele>146.6</ele>
      </trkpt>
      <trkpt lat="44.07391" lon="-122.92638">
        <ele>154.3</ele>
      </trkpt>
      <trkpt lat="44.06755" lon="-122.89908">
        <ele>160.7</ele>
      </trkpt>
      <trkpt lat="44.0712" lon="-122.87977">
        <ele>166.2</ele>
      </trkpt>
      <trkpt lat="44.06697" lon="-122.86098">
        <ele>165.2</ele>
      </trkpt>
      <trkpt lat="44.06655" lon="-122.80889">
        <ele>182.5</ele>
      </trkpt>
      <trkpt lat="44.07951" lon="-122.75453">
        <ele>190.3</ele>
      </trkpt>
      <trkpt lat="44.11193" lon="-122.65535">
        <ele>219.6</ele>
      </trkpt>
      <trkpt lat="44.13083" lon="-122.61727">
        <ele>237.6</ele>
      </trkpt>
      <trkpt lat="44.14088" lon="-122.61223">
        <ele>231.2</ele>
      </trkpt>
      <trkpt lat="44.14099" lon="-122.59899">
        <ele>231.2</ele>
      </trkpt>
      <trkpt lat="44.14966" lon="-122.58608">
        <ele>241.1</ele>
      </trkpt>
      <trkpt lat="44.13151" lon="-122.53629">
        <ele>255.6</ele>
      </trkpt>
      <trkpt lat="44.13313" lon="-122.48361">
        <ele>263.1</ele>
      </trkpt>
      <trkpt lat="44.11479" lon="-122.45895">
        <ele>291.1</ele>
      </trkpt>
      <trkpt lat="44.11642" lon="-122.4404">
        <ele>281.9</ele>
      </trkpt>
      <trkpt lat="44.10959" lon="-122.42969">
        <ele>301.7</ele>
      </trkpt>
      <trkpt lat="44.12187" lon="-122.41199">
        <ele>295.8</ele>
      </trkpt>
      <trkpt lat="44.12398" lon="-122.38523">
        <ele>299.3</ele>
      </trkpt>
      <trkpt lat="44.14978" lon="-122.36381">
        <ele>317.5</ele>
      </trkpt>
      <trkpt lat="44.15517" lon="-122.34799">
        <ele>322</ele>
      </trkpt>
      <trkpt lat="44.15182" lon="-122.31916">
        <ele>320.8</ele>
      </trkpt>
      <trkpt lat="44.1679" lon="-122.28166">
        <ele>359.3</ele>
      </trkpt>
      <trkpt lat="44.16572" lon="-122.25969">
        <ele>359.7</ele>
      </trkpt>
      <trkpt lat="44.1704" lon="-122.24168">
        <ele>363.2</ele>
      </trkpt>
      <trkpt lat="44.16689" lon="-122.23714">
        <ele>367.1</ele>
      </trkpt>
      <trkpt lat="44.17703" lon="-122.18741">
        <ele>409</ele>
      </trkpt>
      <trkpt lat="44.17349" lon="-122.15823">
        <ele>419.6</ele>
      </trkpt>
      <trkpt lat="44.18429" lon="-122.07373">
        <ele>507.3</ele>
      </trkpt>
      <trkpt lat="44.18296" lon="-122.06248">
        <ele>518.3</ele>
      </trkpt>
      <trkpt lat="44.17213" lon="-122.05262">
        <ele>527.6</ele>
      </trkpt>
      <trkpt lat="44.15912" lon="-122.02148">
        <ele>585.6</ele>
      </trkpt>
      <trkpt lat="44.17031" lon="-121.95411">
        <ele>804.3</ele>
      </trkpt>
      <trkpt lat="44.16877" lon="-121.93731">
        <ele>911.3</ele>
      </trkpt>
      <trkpt lat="44.16646" lon="-121.92491">
        <ele>963.5</ele>
      </trkpt>
      <trkpt lat="44.16974" lon="-121.92616">
        <ele>984.1</ele>
      </trkpt>
      <trkpt lat="44.17645" lon="-121.91567">
        <ele>1082.4</ele>
      </trkpt>
      <trkpt lat="44.17502" lon="-121.90527">
        <ele>1129.8</ele>
      </trkpt>
      <trkpt lat="44.17978" lon="-121.90952">
        <ele>1163.4</ele>
      </trkpt>
      <trkpt lat="44.1834" lon="-121.8994">
        <ele>1244.3</ele>
      </trkpt>
      <trkpt lat="44.18897" lon="-121.89741">
        <ele>1285.8</ele>
      </trkpt>
      <trkpt lat="44.18775" lon="-121.89226">
        <ele>1309.2</ele>
      </trkpt>
      <trkpt lat="44.18839" lon="-121.88249">
        <ele>1409.2</ele>
      </trkpt>
      <trkpt lat="44.19342" lon="-121.88441">
        <ele>1432.2</ele>
      </trkpt>
      <trkpt lat="44.20583" lon="-121.87499">
        <ele>1450.2</ele>
      </trkpt>
      <trkpt lat="44.2207" lon="-121.87831">
        <ele>1463.7</ele>
      </trkpt>
      <trkpt lat="44.23884" lon="-121.86278">
        <ele>1543.6</ele>
      </trkpt>
      <trkpt lat="44.26003" lon="-121.80954">
        <ele>1589.7</ele>
      </trkpt>
      <trkpt lat="44.26105" lon="-121.79328">
        <ele>1586.7</ele>
      </trkpt>
      <trkpt lat="44.28961" lon="-121.76321">
        <ele>1495.3</ele>
      </trkpt>
      <trkpt lat="44.30416" lon="-121.73057">
        <ele>1328</ele>
      </trkpt>
      <trkpt lat="44.30937" lon="-121.70206">
        <ele>1218</ele>
      </trkpt>
      <trkpt lat="44.30599" lon="-121.6964">
        <ele>1175</ele>
      </trkpt>
      <trkpt lat="44.3056" lon="-121.67496">
        <ele>1119.3</ele>
      </trkpt>
      <trkpt lat="44.30989" lon="-121.63437">
        <ele>1040</ele>
      </trkpt>
      <trkpt lat="44.29144" lon="-121.57427">
        <ele>981.6</ele>
      </trkpt>
      <trkpt lat="44.29131" lon="-121.54653">
        <ele>971.3</ele>
      </trkpt>
      <trkpt lat="44.28777" lon="-121.5402">
        <ele>966.6</ele>
      </trkpt>
      <trkpt lat="44.28636" lon="-121.51579">
        <ele>947.9</ele>
      </trkpt>
      <trkpt lat="44.29153" lon="-121.43337">
        <ele>939.2</ele>
      </trkpt>
      <trkpt lat="44.31321" lon="-121.43304">
        <ele>944</ele>
      </trkpt>
      <trkpt lat="44.3186" lon="-121.42294">
        <ele>937.8</ele>
      </trkpt>
      <trkpt lat="44.32872" lon="-121.41905">
        <ele>943.6</ele>
      </trkpt>
      <trkpt lat="44.34312" lon="-121.39477">
        <ele>933</ele>
      </trkpt>
      <trkpt lat="44.37305" lon="-121.38769">
        <ele>856.2</ele>
      </trkpt>
      <trkpt lat="44.37964" lon="-121.36536">
        <ele>852.6</ele>
      </trkpt>
      <trkpt lat="44.37466" lon="-121.34184">
        <ele>835.7</ele>
      </trkpt>
      <trkpt lat="44.35573" lon="-121.34147">
        <ele>827.8</ele>
      </trkpt>
      <trkpt lat="44.34979" lon="-121.32202">
        <ele>816.6</ele>
      </trkpt>
      <trkpt lat="44.34901" lon="-121.29879">
        <ele>798.1</ele>
      </trkpt>
      <trkpt lat="44.35352" lon="-121.2924">
        <ele>792</ele>
      </trkpt>
      <trkpt lat="44.3605" lon="-121.29395">
        <ele>774.6</ele>
      </trkpt>
      <trkpt lat="44.36708" lon="-121.2606">
        <ele>817.2</ele>
      </trkpt>
      <trkpt lat="44.36188" lon="-121.24599">
        <ele>829.9</ele>
      </trkpt>
      <trkpt lat="44.36318" lon="-121.18828">
        <ele>845.1</ele>
      </trkpt>
      <trkpt lat="44.35906" lon="-121.17861">
        <ele>857.1</ele>
      </trkpt>
      <trkpt lat="44.3513" lon="-121.17876">
        <ele>875.6</ele>
      </trkpt>
      <trkpt lat="44.34871" lon="-121.16933">
        <ele>853.9</ele>
      </trkpt>
      <trkpt lat="44.34887" lon="-121.1488">
        <ele>860.3</ele>
      </trkpt>
      <trkpt lat="44.35398" lon="-121.13526">
        <ele>876.1</ele>
      </trkpt>
      <trkpt lat="44.34887" lon="-121.12263">
        <ele>890.7</ele>
      </trkpt>
      <trkpt lat="44.34903" lon="-121.08962">
        <ele>867.4</ele>
      </trkpt>
      <trkpt lat="44.33021" lon="-121.08821">
        <ele>852.7</ele>
      </trkpt>
      <trkpt lat="44.32952" lon="-121.05917">
        <ele>859.5</ele>
      </trkpt>
      <trkpt lat="44.33474" lon="-121.05177">
        <ele>849.4</ele>
      </trkpt>
      <trkpt lat="44.33428" lon="-120.99768">
        <ele>854.2</ele>
      </trkpt>
      <trkpt lat="44.34039" lon="-120.97782">
        <ele>859.6</ele>
      </trkpt>
      <trkpt lat="44.33905" lon="-120.94296">
        <ele>868.1</ele>
      </trkpt>
      <trkpt lat="44.33265" lon="-120.9372">
        <ele>865.1</ele>
      </trkpt>
      <trkpt lat="44.32881" lon="-120.91262">
        <ele>865.7</ele>
      </trkpt>
      <trkpt lat="44.30873" lon="-120.88698">
        <ele>871.4</ele>
      </trkpt>
      <trkpt lat="44.30138" lon="-120.86223">
        <ele>873.8</ele>
      </trkpt>
      <trkpt lat="44.30511" lon="-120.75066">
        <ele>911</ele>
      </trkpt>
      <trkpt lat="44.29964" lon="-120.72406">
        <ele>962.8</ele>
      </trkpt>
      <trkpt lat="44.31824" lon="-120.66243">
        <ele>956.2</ele>
      </trkpt>
      <trkpt lat="44.30234" lon="-120.63015">
        <ele>974.5</ele>
      </trkpt>
      <trkpt lat="44.31162" lon="-120.60832">
        <ele>989.8</ele>
      </trkpt>
      <trkpt lat="44.33356" lon="-120.58448">
        <ele>1015.8</ele>
      </trkpt>
      <trkpt lat="44.34758" lon="-120.54979">
        <ele>1095.4</ele>
      </trkpt>
      <trkpt lat="44.3561" lon="-120.541">
        <ele>1093</ele>
      </trkpt>
      <trkpt lat="44.36739" lon="-120.54091">
        <ele>1102.3</ele>
      </trkpt>
      <trkpt lat="44.38516" lon="-120.51572">
        <ele>1149.7</ele>
      </trkpt>
      <trkpt lat="44.39741" lon="-120.51446">
        <ele>1177.5</ele>
      </trkpt>
      <trkpt lat="44.40405" lon="-120.50285">
        <ele>1229.4</ele>
      </trkpt>
      <trkpt lat="44.40993" lon="-120.50321">
        <ele>1230.5</ele>
      </trkpt>
      <trkpt lat="44.42943" lon="-120.47964">
        <ele>1249</ele>
      </trkpt>
      <trkpt lat="44.44961" lon="-120.46641">
        <ele>1273.2</ele>
      </trkpt>
      <trkpt lat="44.47498" lon="-120.4105">
        <ele>1348</ele>
      </trkpt>
      <trkpt lat="44.50745" lon="-120.37618">
        <ele>1381.6</ele>
      </trkpt>
      <trkpt lat="44.52149" lon="-120.37491">
        <ele>1332.7</ele>
      </trkpt>
      <trkpt lat="44.52824" lon="-120.36226">
        <ele>1257.5</ele>
      </trkpt>
      <trkpt lat="44.54396" lon="-120.35938">
        <ele>1185.7</ele>
      </trkpt>
      <trkpt lat="44.54923" lon="-120.35034">
        <ele>1146.6</ele>
      </trkpt>
      <trkpt lat="44.55153" lon="-120.34115">
        <ele>1086.6</ele>
      </trkpt>
      <trkpt lat="44.54872" lon="-120.33429">
        <ele>1064.3</ele>
      </trkpt>
      <trkpt lat="44.55491" lon="-120.31956">
        <ele>982.3</ele>
      </trkpt>
      <trkpt lat="44.5698" lon="-120.29257">
        <ele>873.7</ele>
      </trkpt>
      <trkpt lat="44.59192" lon="-120.26577">
        <ele>816.6</ele>
      </trkpt>
      <trkpt lat="44.60247" lon="-120.23558">
        <ele>742.6</ele>
      </trkpt>
      <trkpt lat="44.59949" lon="-120.21761">
        <ele>713</ele>
      </trkpt>
      <trkpt lat="44.56764" lon="-120.15601">
        <ele>848.3</ele>
      </trkpt>
      <trkpt lat="44.56437" lon="-120.12199">
        <ele>938.3</ele>
      </trkpt>
      <trkpt lat="44.56922" lon="-120.09058">
        <ele>1072.9</ele>
      </trkpt>
      <trkpt lat="44.56034" lon="-120.05872">
        <ele>1254</ele>
      </trkpt>
      <trkpt lat="44.54712" lon="-120.03577">
        <ele>1317.4</ele>
      </trkpt>
      <trkpt lat="44.52861" lon="-119.99915">
        <ele>1225.3</ele>
      </trkpt>
      <trkpt lat="44.51776" lon="-119.97133">
        <ele>1200</ele>
      </trkpt>
      <trkpt lat="44.52722" lon="-119.88406">
        <ele>1150.3</ele>
      </trkpt>
      <trkpt lat="44.54886" lon="-119.86239">
        <ele>1113.8</ele>
      </trkpt>
      <trkpt lat="44.55685" lon="-119.86488">
        <ele>1096.4</ele>
      </trkpt>
      <trkpt lat="44.55675" lon="-119.85179">
        <ele>1084.7</ele>
      </trkpt>
      <trkpt lat="44.5625" lon="-119.84095">
        <ele>1079.5</ele>
      </trkpt>
      <trkpt lat="44.55624" lon="-119.82919">
        <ele>1073.6</ele>
      </trkpt>
      <trkpt lat="44.54858" lon="-119.78627">
        <ele>977</ele>
      </trkpt>
      <trkpt lat="44.54137" lon="-119.78128">
        <ele>959</ele>
      </trkpt>
      <trkpt lat="44.54249" lon="-119.76479">
        <ele>917.7</ele>
      </trkpt>
      <trkpt lat="44.52256" lon="-119.72015">
        <ele>808.6</ele>
      </trkpt>
      <trkpt lat="44.5222" lon="-119.688">
        <ele>758.4</ele>
      </trkpt>
      <trkpt lat="44.5143" lon="-119.655">
        <ele>719.3</ele>
      </trkpt>
      <trkpt lat="44.52769" lon="-119.63326">
        <ele>677.4</ele>
      </trkpt>
      <trkpt lat="44.5069" lon="-119.62235">
        <ele>691.1</ele>
      </trkpt>
      <trkpt lat="44.50299" lon="-119.60701">
        <ele>697.4</ele>
      </trkpt>
      <trkpt lat="44.47743" lon="-119.54892">
        <ele>711.6</ele>
      </trkpt>
      <trkpt lat="44.46549" lon="-119.5319">
        <ele>717.9</ele>
      </trkpt>
      <trkpt lat="44.46255" lon="-119.49868">
        <ele>716</ele>
      </trkpt>
      <trkpt lat="44.46618" lon="-119.45416">
        <ele>735.4</ele>
      </trkpt>
      <trkpt lat="44.45899" lon="-119.44776">
        <ele>752.4</ele>
      </trkpt>
      <trkpt lat="44.45799" lon="-119.42846">
        <ele>745.9</ele>
      </trkpt>
      <trkpt lat="44.45114" lon="-119.42117">
        <ele>754.1</ele>
      </trkpt>
      <trkpt lat="44.44752" lon="-119.4067">
        <ele>766.3</ele>
      </trkpt>
      <trkpt lat="44.44986" lon="-119.3908">
        <ele>768.9</ele>
      </trkpt>
      <trkpt lat="44.44579" lon="-119.36208">
        <ele>780.6</ele>
      </trkpt>
      <trkpt lat="44.43524" lon="-119.33022">
        <ele>792</ele>
      </trkpt>
      <trkpt lat="44.43722" lon="-119.29628">
        <ele>803.2</ele>
      </trkpt>
      <trkpt lat="44.43339" lon="-119.27569">
        <ele>810.8</ele>
      </trkpt>
      <trkpt lat="44.42514" lon="-119.27173">
        <ele>816</ele>
      </trkpt>
      <trkpt lat="44.41077" lon="-119.21837">
        <ele>831.9</ele>
      </trkpt>
      <trkpt lat="44.41246" lon="-119.16749">
        <ele>863.5</ele>
      </trkpt>
      <trkpt lat="44.41773" lon="-119.13681">
        <ele>859.8</ele>
      </trkpt>
      <trkpt lat="44.41782" lon="-119.09303">
        <ele>877.2</ele>
      </trkpt>
      <trkpt lat="44.41196" lon="-119.0489">
        <ele>896.3</ele>
      </trkpt>
      <trkpt lat="44.42028" lon="-118.99065">
        <ele>928.4</ele>
      </trkpt>
      <trkpt lat="44.4143" lon="-118.92463">
        <ele>962.2</ele>
      </trkpt>
      <trkpt lat="44.41826" lon="-118.90462">
        <ele>957.8</ele>
      </trkpt>
      <trkpt lat="44.4153" lon="-118.87112">
        <ele>984.4</ele>
      </trkpt>
      <trkpt lat="44.42786" lon="-118.8519">
        <ele>995.2</ele>
      </trkpt>
      <trkpt lat="44.44599" lon="-118.79057">
        <ele>1030.5</ele>
      </trkpt>
      <trkpt lat="44.44633" lon="-118.76754">
        <ele>1055.4</ele>
      </trkpt>
      <trkpt lat="44.46313" lon="-118.70807">
        <ele>1080.3</ele>
      </trkpt>
      <trkpt lat="44.46236" lon="-118.66794">
        <ele>1131.6</ele>
      </trkpt>
      <trkpt lat="44.4854" lon="-118.64298">
        <ele>1233.3</ele>
      </trkpt>
      <trkpt lat="44.51964" lon="-118.62887">
        <ele>1453</ele>
      </trkpt>
      <trkpt lat="44.52575" lon="-118.61613">
        <ele>1512</ele>
      </trkpt>
      <trkpt lat="44.53364" lon="-118.61227">
        <ele>1542.4</ele>
      </trkpt>
      <trkpt lat="44.53634" lon="-118.59853">
        <ele>1609.4</ele>
      </trkpt>
      <trkpt lat="44.53256" lon="-118.57049">
        <ele>1505.6</ele>
      </trkpt>
      <trkpt lat="44.5429" lon="-118.53597">
        <ele>1402.6</ele>
      </trkpt>
      <trkpt lat="44.56057" lon="-118.52455">
        <ele>1348.4</ele>
      </trkpt>
      <trkpt lat="44.56593" lon="-118.50618">
        <ele>1304.3</ele>
      </trkpt>
      <trkpt lat="44.57842" lon="-118.49837">
        <ele>1272.7</ele>
      </trkpt>
      <trkpt lat="44.59076" lon="-118.50485">
        <ele>1254.4</ele>
      </trkpt>
      <trkpt lat="44.6019" lon="-118.48466">
        <ele>1273.7</ele>
      </trkpt>
      <trkpt lat="44.63335" lon="-118.4603">
        <ele>1438.4</ele>
      </trkpt>
      <trkpt lat="44.63705" lon="-118.44891">
        <ele>1495.7</ele>
      </trkpt>
      <trkpt lat="44.64567" lon="-118.44133">
        <ele>1550.9</ele>
      </trkpt>
      <trkpt lat="44.65309" lon="-118.41572">
        <ele>1548.1</ele>
      </trkpt>
      <trkpt lat="44.65191" lon="-118.40505">
        <ele>1508.5</ele>
      </trkpt>
      <trkpt lat="44.64723" lon="-118.40062">
        <ele>1480.2</ele>
      </trkpt>
      <trkpt lat="44.65149" lon="-118.386">
        <ele>1429.8</ele>
      </trkpt>
      <trkpt lat="44.66409" lon="-118.38172">
        <ele>1354.2</ele>
      </trkpt>
      <trkpt lat="44.6734" lon="-118.36847">
        <ele>1333.8</ele>
      </trkpt>
      <trkpt lat="44.66894" lon="-118.31758">
        <ele>1281.7</ele>
      </trkpt>
      <trkpt lat="44.65761" lon="-118.2771">
        <ele>1279</ele>
      </trkpt>
      <trkpt lat="44.66632" lon="-118.2497">
        <ele>1313.9</ele>
      </trkpt>
      <trkpt lat="44.67566" lon="-118.23814">
        <ele>1366.6</ele>
      </trkpt>
      <trkpt lat="44.67525" lon="-118.22083">
        <ele>1403.3</ele>
      </trkpt>
      <trkpt lat="44.6753" lon="-118.20386">
        <ele>1494.3</ele>
      </trkpt>
      <trkpt lat="44.67809" lon="-118.19784">
        <ele>1522.4</ele>
      </trkpt>
      <trkpt lat="44.68306" lon="-118.19249">
        <ele>1545.6</ele>
      </trkpt>
      <trkpt lat="44.69491" lon="-118.19474">
        <ele>1469.7</ele>
      </trkpt>
      <trkpt lat="44.69834" lon="-118.18997">
        <ele>1447.5</ele>
      </trkpt>
      <trkpt lat="44.69714" lon="-118.18049">
        <ele>1404.6</ele>
      </trkpt>
      <trkpt lat="44.71145" lon="-118.17473">
        <ele>1310.8</ele>
      </trkpt>
      <trkpt lat="44.71833" lon="-118.15958">
        <ele>1295.9</ele>
      </trkpt>
      <trkpt lat="44.70888" lon="-118.12394">
        <ele>1269.1</ele>
      </trkpt>
      <trkpt lat="44.69062" lon="-118.08293">
        <ele>1255.9</ele>
      </trkpt>
      <trkpt lat="44.69406" lon="-118.04758">
        <ele>1272</ele>
      </trkpt>
      <trkpt lat="44.69105" lon="-118.02525">
        <ele>1280.1</ele>
      </trkpt>
      <trkpt lat="44.67437" lon="-118.00023">
        <ele>1276.9</ele>
      </trkpt>
      <trkpt lat="44.67435" lon="-117.98414">
        <ele>1203.2</ele>
      </trkpt>
      <trkpt lat="44.66889" lon="-117.96907">
        <ele>1179.4</ele>
      </trkpt>
      <trkpt lat="44.66131" lon="-117.9618">
        <ele>1168.3</ele>
      </trkpt>
      <trkpt lat="44.66361" lon="-117.95639">
        <ele>1164.2</ele>
      </trkpt>
      <trkpt lat="44.65927" lon="-117.93066">
        <ele>1144.1</ele>
      </trkpt>
      <trkpt lat="44.65215" lon="-117.91932">
        <ele>1133.9</ele>
      </trkpt>
      <trkpt lat="44.65045" lon="-117.90489">
        <ele>1129.4</ele>
      </trkpt>
      <trkpt lat="44.65254" lon="-117.8766">
        <ele>1112.8</ele>
      </trkpt>
      <trkpt lat="44.66104" lon="-117.86725">
        <ele>1116.9</ele>
      </trkpt>
      <trkpt lat="44.67518" lon="-117.86896">
        <ele>1103.8</ele>
      </trkpt>
      <trkpt lat="44.68782" lon="-117.85512">
        <ele>1095.7</ele>
      </trkpt>
      <trkpt lat="44.73626" lon="-117.83553">
        <ele>1071.7</ele>
      </trkpt>
      <trkpt lat="44.75378" lon="-117.82979">
        <ele>1071</ele>
      </trkpt>
      <trkpt lat="44.76537" lon="-117.83664">
        <ele>1055.7</ele>
      </trkpt>
      <trkpt lat="44.78165" lon="-117.82972">
        <ele>1046.7</ele>
      </trkpt>
      <trkpt lat="44.78488" lon="-117.81967">
        <ele>1044.6</ele>
      </trkpt>
      <trkpt lat="44.80324" lon="-117.81643">
        <ele>1037.5</ele>
      </trkpt>
      <trkpt lat="44.80416" lon="-117.76864">
        <ele>1048.6</ele>
      </trkpt>
      <trkpt lat="44.81272" lon="-117.75183">
        <ele>1100.2</ele>
      </trkpt>
      <trkpt lat="44.80784" lon="-117.73005">
        <ele>1108.7</ele>
      </trkpt>
      <trkpt lat="44.80928" lon="-117.67233">
        <ele>1090.3</ele>
      </trkpt>
      <trkpt lat="44.81428" lon="-117.66128">
        <ele>1088.3</ele>
      </trkpt>
      <trkpt lat="44.81888" lon="-117.61463">
        <ele>953.1</ele>
      </trkpt>
      <trkpt lat="44.83644" lon="-117.59062">
        <ele>853.5</ele>
      </trkpt>
      <trkpt lat="44.82986" lon="-117.51486">
        <ele>811.2</ele>
      </trkpt>
      <trkpt lat="44.81852" lon="-117.47623">
        <ele>816</ele>
      </trkpt>
      <trkpt lat="44.81933" lon="-117.46088">
        <ele>804.4</ele>
      </trkpt>
      <trkpt lat="44.83053" lon="-117.45101">
        <ele>802.7</ele>
      </trkpt>
      <trkpt lat="44.83177" lon="-117.43372">
        <ele>800.7</ele>
      </trkpt>
      <trkpt lat="44.81795" lon="-117.41927">
        <ele>790.5</ele>
      </trkpt>
      <trkpt lat="44.81948" lon="-117.40015">
        <ele>783.4</ele>
      </trkpt>
      <trkpt lat="44.81367" lon="-117.38533">
        <ele>778.6</ele>
      </trkpt>
      <trkpt lat="44.81721" lon="-117.37955">
        <ele>772.7</ele>
      </trkpt>
      <trkpt lat="44.80983" lon="-117.36095">
        <ele>764</ele>
      </trkpt>
      <trkpt lat="44.8132" lon="-117.33664">
        <ele>754.4</ele>
      </trkpt>
      <trkpt lat="44.80565" lon="-117.31582">
        <ele>786.4</ele>
      </trkpt>
      <trkpt lat="44.78674" lon="-117.29921">
        <ele>719.4</ele>
      </trkpt>
      <trkpt lat="44.77862" lon="-117.30571">
        <ele>705.8</ele>
      </trkpt>
      <trkpt lat="44.77764" lon="-117.26333">
        <ele>703.8</ele>
      </trkpt>
      <trkpt lat="44.78241" lon="-117.25694">
        <ele>693.4</ele>
      </trkpt>
      <trkpt lat="44.78636" lon="-117.23238">
        <ele>791.4</ele>
      </trkpt>
      <trkpt lat="44.76877" lon="-117.21304">
        <ele>730.2</ele>
      </trkpt>
      <trkpt lat="44.76191" lon="-117.19597">
        <ele>679</ele>
      </trkpt>
      <trkpt lat="44.76214" lon="-117.17945">
        <ele>655.2</ele>
      </trkpt>
      <trkpt lat="44.76917" lon="-117.17411">
        <ele>673.4</ele>
      </trkpt>
      <trkpt lat="44.76948" lon="-117.14885">
        <ele>668.4</ele>
      </trkpt>
      <trkpt lat="44.79086" lon="-117.13545">
        <ele>773.6</ele>
      </trkpt>
      <trkpt lat="44.78476" lon="-117.12447">
        <ele>859.6</ele>
      </trkpt>
      <trkpt lat="44.83413" lon="-117.12533">
        <ele>1080.5</ele>
      </trkpt>
      <trkpt lat="44.83719" lon="-117.12039">
        <ele>1041.6</ele>
      </trkpt>
      <trkpt lat="44.82766" lon="-117.11355">
        <ele>988.5</ele>
      </trkpt>
      <trkpt lat="44.82821" lon="-117.10598">
        <ele>942.1</ele>
      </trkpt>
      <trkpt lat="44.84092" lon="-117.10904">
        <ele>894.7</ele>
      </trkpt>
      <trkpt lat="44.85978" lon="-117.09361">
        <ele>790.7</ele>
      </trkpt>
      <trkpt lat="44.87664" lon="-117.09263">
        <ele>797.9</ele>
      </trkpt>
      <trkpt lat="44.87758" lon="-117.04152">
        <ele>757.1</ele>
      </trkpt>
      <trkpt lat="44.87431" lon="-117.02665">
        <ele>767.3</ele>
      </trkpt>
      <trkpt lat="44.88315" lon="-117.02038">
        <ele>746</ele>
      </trkpt>
      <trkpt lat="44.88325" lon="-117.01089">
        <ele>732.3</ele>
      </trkpt>
      <trkpt lat="44.87701" lon="-117.0037">
        <ele>727.5</ele>
      </trkpt>
      <trkpt lat="44.87752" lon="-116.99417">
        <ele>725.1</ele>
      </trkpt>
      <trkpt lat="44.88259" lon="-116.98967">
        <ele>720.7</ele>
      </trkpt>
      <trkpt lat="44.88408" lon="-116.96873">
        <ele>737.1</ele>
      </trkpt>
      <trkpt lat="44.90814" lon="-116.95486">
        <ele>697.5</ele>
      </trkpt>
      <trkpt lat="44.92154" lon="-116.91566">
        <ele>657.4</ele>
      </trkpt>
      <trkpt lat="44.93192" lon="-116.90882">
        <ele>656.6</ele>
      </trkpt>
      <trkpt lat="44.9352" lon="-116.89412">
        <ele>630.6</ele>
      </trkpt>
      <trkpt lat="44.94237" lon="-116.87978">
        <ele>597.1</ele>
      </trkpt>
      <trkpt lat="44.97178" lon="-116.85829">
        <ele>530.7</ele>
      </trkpt>
      <trkpt lat="44.9683" lon="-116.8477">
        <ele>608.4</ele>
      </trkpt>
      <trkpt lat="44.96139" lon="-116.85405">
        <ele>551.4</ele>
      </trkpt>
      <trkpt lat="44.93162" lon="-116.8343">
        <ele>558.5</ele>
      </trkpt>
      <trkpt lat="44.87139" lon="-116.86665">
        <ele>554.4</ele>
      </trkpt>
      <trkpt lat="44.85814" lon="-116.88583">
        <ele>557.2</ele>
      </trkpt>
      <trkpt lat="44.85467" lon="-116.89941">
        <ele>554.1</ele>
      </trkpt>
      <trkpt lat="44.83587" lon="-116.89596">
        <ele>639</ele>
      </trkpt>
      <trkpt lat="44.81053" lon="-116.91203">
        <ele>675.9</ele>
      </trkpt>
      <trkpt lat="44.80842" lon="-116.91883">
        <ele>653.8</ele>
      </trkpt>
      <trkpt lat="44.79892" lon="-116.92012">
        <ele>681</ele>
      </trkpt>
      <trkpt lat="44.78043" lon="-116.90651">
        <ele>680.7</ele>
      </trkpt>
      <trkpt lat="44.77343" lon="-116.90388">
        <ele>717.8</ele>
      </trkpt>
      <trkpt lat="44.75998" lon="-116.90336">
        <ele>779.3</ele>
      </trkpt>
      <trkpt lat="44.75647" lon="-116.88222">
        <ele>881.9</ele>
      </trkpt>
      <trkpt lat="44.73494" lon="-116.86236">
        <ele>1057.2</ele>
      </trkpt>
      <trkpt lat="44.73504" lon="-116.83737">
        <ele>1185.2</ele>
      </trkpt>
      <trkpt lat="44.73064" lon="-116.84885">
        <ele>1256.4</ele>
      </trkpt>
      <trkpt lat="44.72248" lon="-116.85166">
        <ele>1261.8</ele>
      </trkpt>
      <trkpt lat="44.705" lon="-116.84266">
        <ele>1192.5</ele>
      </trkpt>
      <trkpt lat="44.67121" lon="-116.83679">
        <ele>1086.2</ele>
      </trkpt>
      <trkpt lat="44.65506" lon="-116.82436">
        <ele>1056.3</ele>
      </trkpt>
      <trkpt lat="44.64787" lon="-116.8046">
        <ele>1022.3</ele>
      </trkpt>
      <trkpt lat="44.61956" lon="-116.77209">
        <ele>938.5</ele>
      </trkpt>
      <trkpt lat="44.6179" lon="-116.76216">
        <ele>924.3</ele>
      </trkpt>
      <trkpt lat="44.60472" lon="-116.75897">
        <ele>898.3</ele>
      </trkpt>
      <trkpt lat="44.5911" lon="-116.73819">
        <ele>861.9</ele>
      </trkpt>
      <trkpt lat="44.5852" lon="-116.73621">
        <ele>868.4</ele>
      </trkpt>
      <trkpt lat="44.57479" lon="-116.68168">
        <ele>820.2</ele>
      </trkpt>
      <trkpt lat="44.56398" lon="-116.66514">
        <ele>805.9</ele>
      </trkpt>
      <trkpt lat="44.56774" lon="-116.55908">
        <ele>839.4</ele>
      </trkpt>
      <trkpt lat="44.58432" lon="-116.52098">
        <ele>848.3</ele>
      </trkpt>
      <trkpt lat="44.59423" lon="-116.49399">
        <ele>861.8</ele>
      </trkpt>
      <trkpt lat="44.60153" lon="-116.45038">
        <ele>891.1</ele>
      </trkpt>
      <trkpt lat="44.61772" lon="-116.44052">
        <ele>952.5</ele>
      </trkpt>
      <trkpt lat="44.62604" lon="-116.43914">
        <ele>997.8</ele>
      </trkpt>
      <trkpt lat="44.63666" lon="-116.45097">
        <ele>990.1</ele>
      </trkpt>
      <trkpt lat="44.65097" lon="-116.45625">
        <ele>928.2</ele>
      </trkpt>
      <trkpt lat="44.66121" lon="-116.44876">
        <ele>906.4</ele>
      </trkpt>
      <trkpt lat="44.71835" lon="-116.44423">
        <ele>890.7</ele>
      </trkpt>
      <trkpt lat="44.72724" lon="-116.43286">
        <ele>901.8</ele>
      </trkpt>
      <trkpt lat="44.790647" lon="-116.432825">
        <ele>915.7</ele>
      </trkpt>
      <trkpt lat="44.804676" lon="-116.411359">
        <ele>997.7</ele>
      </trkpt>
      <trkpt lat="44.82523" lon="-116.39717">
        <ele>1109.9</ele>
      </trkpt>
      <trkpt lat="44.83962" lon="-116.39771">
        <ele>1050.8</ele>
      </trkpt>
      <trkpt lat="44.84206" lon="-116.38416">
        <ele>1051.8</ele>
      </trkpt>
      <trkpt lat="44.85323" lon="-116.37693">
        <ele>1101.8</ele>
      </trkpt>
      <trkpt lat="44.87248" lon="-116.37877">
        <ele>1127.7</ele>
      </trkpt>
      <trkpt lat="44.89686" lon="-116.39326">
        <ele>1178.4</ele>
      </trkpt>
      <trkpt lat="44.91788" lon="-116.38315">
        <ele>1226.5</ele>
      </trkpt>
      <trkpt lat="44.96226" lon="-116.38538">
        <ele>1256.9</ele>
      </trkpt>
      <trkpt lat="44.9894" lon="-116.36486">
        <ele>1269.8</ele>
      </trkpt>
      <trkpt lat="44.99344" lon="-116.34908">
        <ele>1224</ele>
      </trkpt>
      <trkpt lat="44.97163" lon="-116.2922">
        <ele>1178.1</ele>
      </trkpt>
      <trkpt lat="44.97112" lon="-116.28134">
        <ele>1179</ele>
      </trkpt>
      <trkpt lat="45.04252" lon="-116.28052">
        <ele>1166.6</ele>
      </trkpt>
      <trkpt lat="45.09702" lon="-116.30769">
        <ele>1159.3</ele>
      </trkpt>
      <trkpt lat="45.11801" lon="-116.30315">
        <ele>1157.8</ele>
      </trkpt>
      <trkpt lat="45.12984" lon="-116.28546">
        <ele>1127.8</ele>
      </trkpt>
      <trkpt lat="45.13631" lon="-116.28303">
        <ele>1091.8</ele>
      </trkpt>
      <trkpt lat="45.14642" lon="-116.28794">
        <ele>1065</ele>
      </trkpt>
      <trkpt lat="45.14983" lon="-116.2963">
        <ele>1042.7</ele>
      </trkpt>
      <trkpt lat="45.1848" lon="-116.30194">
        <ele>967.2</ele>
      </trkpt>
      <trkpt lat="45.21124" lon="-116.31318">
        <ele>916.7</ele>
      </trkpt>
      <trkpt lat="45.27173" lon="-116.34662">
        <ele>794.6</ele>
      </trkpt>
      <trkpt lat="45.30442" lon="-116.36234">
        <ele>734.6</ele>
      </trkpt>
      <trkpt lat="45.32993" lon="-116.34715">
        <ele>678.1</ele>
      </trkpt>
      <trkpt lat="45.3409" lon="-116.3487">
        <ele>659.5</ele>
      </trkpt>
      <trkpt lat="45.35781" lon="-116.36115">
        <ele>627.2</ele>
      </trkpt>
      <trkpt lat="45.37054" lon="-116.35847">
        <ele>618.3</ele>
      </trkpt>
      <trkpt lat="45.39014" lon="-116.34877">
        <ele>580.8</ele>
      </trkpt>
      <trkpt lat="45.39757" lon="-116.33295">
        <ele>561.3</ele>
      </trkpt>
      <trkpt lat="45.40412" lon="-116.33491">
        <ele>556.3</ele>
      </trkpt>
      <trkpt lat="45.42631" lon="-116.31209">
        <ele>540.2</ele>
      </trkpt>
      <trkpt lat="45.4357" lon="-116.31951">
        <ele>531.9</ele>
      </trkpt>
      <trkpt lat="45.45167" lon="-116.30813">
        <ele>523.3</ele>
      </trkpt>
      <trkpt lat="45.47279" lon="-116.3051">
        <ele>520.4</ele>
      </trkpt>
      <trkpt lat="45.48922" lon="-116.31815">
        <ele>515.5</ele>
      </trkpt>
      <trkpt lat="45.49562" lon="-116.30413">
        <ele>506.8</ele>
      </trkpt>
      <trkpt lat="45.50801" lon="-116.29399">
        <ele>510.3</ele>
      </trkpt>
      <trkpt lat="45.51949" lon="-116.30547">
        <ele>511.4</ele>
      </trkpt>
      <trkpt lat="45.53713" lon="-116.308">
        <ele>524.2</ele>
      </trkpt>
      <trkpt lat="45.55831" lon="-116.29795">
        <ele>498.2</ele>
      </trkpt>
      <trkpt lat="45.57088" lon="-116.30474">
        <ele>498.3</ele>
      </trkpt>
      <trkpt lat="45.58703" lon="-116.29306">
        <ele>491.6</ele>
      </trkpt>
      <trkpt lat="45.5994" lon="-116.2712">
        <ele>509</ele>
      </trkpt>
      <trkpt lat="45.61047" lon="-116.27498">
        <ele>476.9</ele>
      </trkpt>
      <trkpt lat="45.62439" lon="-116.30288">
        <ele>485.3</ele>
      </trkpt>
      <trkpt lat="45.62872" lon="-116.2885">
        <ele>479.6</ele>
      </trkpt>
      <trkpt lat="45.63843" lon="-116.28293">
        <ele>470.8</ele>
      </trkpt>
      <trkpt lat="45.64741" lon="-116.29284">
        <ele>484.2</ele>
      </trkpt>
      <trkpt lat="45.66145" lon="-116.29138">
        <ele>467</ele>
      </trkpt>
      <trkpt lat="45.67525" lon="-116.30915">
        <ele>498.9</ele>
      </trkpt>
      <trkpt lat="45.68481" lon="-116.30704">
        <ele>459.4</ele>
      </trkpt>
      <trkpt lat="45.69849" lon="-116.3162">
        <ele>460.9</ele>
      </trkpt>
      <trkpt lat="45.71949" lon="-116.3133">
        <ele>490.5</ele>
      </trkpt>
      <trkpt lat="45.72921" lon="-116.3013">
        <ele>448.1</ele>
      </trkpt>
      <trkpt lat="45.73467" lon="-116.30494">
        <ele>463.1</ele>
      </trkpt>
      <trkpt lat="45.74193" lon="-116.3238">
        <ele>456.2</ele>
      </trkpt>
      <trkpt lat="45.74649" lon="-116.32428">
        <ele>444.9</ele>
      </trkpt>
      <trkpt lat="45.75973" lon="-116.3022">
        <ele>475</ele>
      </trkpt>
      <trkpt lat="45.77777" lon="-116.28536">
        <ele>529.4</ele>
      </trkpt>
      <trkpt lat="45.78298" lon="-116.27138">
        <ele>572.6</ele>
      </trkpt>
      <trkpt lat="45.79312" lon="-116.27184">
        <ele>632.3</ele>
      </trkpt>
      <trkpt lat="45.79587" lon="-116.26301">
        <ele>695.2</ele>
      </trkpt>
      <trkpt lat="45.80284" lon="-116.27077">
        <ele>748.7</ele>
      </trkpt>
      <trkpt lat="45.80068" lon="-116.26579">
        <ele>783.5</ele>
      </trkpt>
      <trkpt lat="45.812" lon="-116.26486">
        <ele>850.4</ele>
      </trkpt>
      <trkpt lat="45.81541" lon="-116.26093">
        <ele>877.1</ele>
      </trkpt>
      <trkpt lat="45.80942" lon="-116.25572">
        <ele>931.5</ele>
      </trkpt>
      <trkpt lat="45.81374" lon="-116.259">
        <ele>965.6</ele>
      </trkpt>
      <trkpt lat="45.81238" lon="-116.25494">
        <ele>982.8</ele>
      </trkpt>
      <trkpt lat="45.81349" lon="-116.2529">
        <ele>1029.1</ele>
      </trkpt>
      <trkpt lat="45.81704" lon="-116.25563">
        <ele>1050.6</ele>
      </trkpt>
      <trkpt lat="45.81507" lon="-116.25226">
        <ele>1066.7</ele>
      </trkpt>
      <trkpt lat="45.8207" lon="-116.2475">
        <ele>1123.4</ele>
      </trkpt>
      <trkpt lat="45.8408" lon="-116.23666">
        <ele>1270.8</ele>
      </trkpt>
      <trkpt lat="45.83877" lon="-116.23056">
        <ele>1299.7</ele>
      </trkpt>
      <trkpt lat="45.85057" lon="-116.2229">
        <ele>1335.6</ele>
      </trkpt>
      <trkpt lat="45.85152" lon="-116.21584">
        <ele>1320.5</ele>
      </trkpt>
      <trkpt lat="45.86552" lon="-116.21329">
        <ele>1222.2</ele>
      </trkpt>
      <trkpt lat="45.87092" lon="-116.20907">
        <ele>1176.5</ele>
      </trkpt>
      <trkpt lat="45.88017" lon="-116.19343">
        <ele>1106.5</ele>
      </trkpt>
      <trkpt lat="45.92306" lon="-116.15314">
        <ele>1033.3</ele>
      </trkpt>
      <trkpt lat="45.92607" lon="-116.12127">
        <ele>1034</ele>
      </trkpt>
      <trkpt lat="45.93583" lon="-116.11743">
        <ele>1009.6</ele>
      </trkpt>
      <trkpt lat="45.9433" lon="-116.09814">
        <ele>989.9</ele>
      </trkpt>
      <trkpt lat="46.03207" lon="-116.09663">
        <ele>907.1</ele>
      </trkpt>
      <trkpt lat="46.0336" lon="-116.07717">
        <ele>897.7</ele>
      </trkpt>
      <trkpt lat="46.0445" lon="-116.07142">
        <ele>894</ele>
      </trkpt>
      <trkpt lat="46.0444" lon="-116.05634">
        <ele>879.2</ele>
      </trkpt>
      <trkpt lat="46.06617" lon="-116.05628">
        <ele>886.5</ele>
      </trkpt>
      <trkpt lat="46.06629" lon="-116.04063">
        <ele>866.6</ele>
      </trkpt>
      <trkpt lat="46.07715" lon="-116.04058">
        <ele>870.4</ele>
      </trkpt>
      <trkpt lat="46.07783" lon="-116.01431">
        <ele>809.2</ele>
      </trkpt>
      <trkpt lat="46.0705" lon="-116.00384">
        <ele>694.8</ele>
      </trkpt>
      <trkpt lat="46.07397" lon="-115.99179">
        <ele>597</ele>
      </trkpt>
      <trkpt lat="46.07129" lon="-115.98558">
        <ele>479.6</ele>
      </trkpt>
      <trkpt lat="46.06908" lon="-115.97906">
        <ele>435.6</ele>
      </trkpt>
      <trkpt lat="46.07135" lon="-115.9746">
        <ele>416.2</ele>
      </trkpt>
      <trkpt lat="46.08145" lon="-115.97927">
        <ele>414.7</ele>
      </trkpt>
      <trkpt lat="46.1449" lon="-115.97833">
        <ele>390.6</ele>
      </trkpt>
      <trkpt lat="46.14499" lon="-115.97086">
        <ele>392</ele>
      </trkpt>
      <trkpt lat="46.1355" lon="-115.94937">
        <ele>389.3</ele>
      </trkpt>
      <trkpt lat="46.13867" lon="-115.94221">
        <ele>385.6</ele>
      </trkpt>
      <trkpt lat="46.15239" lon="-115.93512">
        <ele>399.6</ele>
      </trkpt>
      <trkpt lat="46.14958" lon="-115.92296">
        <ele>400.9</ele>
      </trkpt>
      <trkpt lat="46.15296" lon="-115.90531">
        <ele>401.4</ele>
      </trkpt>
      <trkpt lat="46.14449" lon="-115.89491">
        <ele>401.9</ele>
      </trkpt>
      <trkpt lat="46.14044" lon="-115.87">
        <ele>398.3</ele>
      </trkpt>
      <trkpt lat="46.14163" lon="-115.84954">
        <ele>402.8</ele>
      </trkpt>
      <trkpt lat="46.14901" lon="-115.83285">
        <ele>405.5</ele>
      </trkpt>
      <trkpt lat="46.13567" lon="-115.79386">
        <ele>418.4</ele>
      </trkpt>
      <trkpt lat="46.12016" lon="-115.77692">
        <ele>422.1</ele>
      </trkpt>
      <trkpt lat="46.15063" lon="-115.72522">
        <ele>428.7</ele>
      </trkpt>
      <trkpt lat="46.1374" lon="-115.68218">
        <ele>436.1</ele>
      </trkpt>
      <trkpt lat="46.13968" lon="-115.66336">
        <ele>449.5</ele>
      </trkpt>
      <trkpt lat="46.13556" lon="-115.64879">
        <ele>448.8</ele>
      </trkpt>
      <trkpt lat="46.13824" lon="-115.63404">
        <ele>455.1</ele>
      </trkpt>
      <trkpt lat="46.13436" lon="-115.61172">
        <ele>449</ele>
      </trkpt>
      <trkpt lat="46.15455" lon="-115.58407">
        <ele>456</ele>
      </trkpt>
      <trkpt lat="46.16022" lon="-115.59147">
        <ele>455.6</ele>
      </trkpt>
      <trkpt lat="46.16524" lon="-115.58919">
        <ele>452.7</ele>
      </trkpt>
      <trkpt lat="46.1692" lon="-115.57046">
        <ele>468.7</ele>
      </trkpt>
      <trkpt lat="46.18383" lon="-115.57277">
        <ele>468</ele>
      </trkpt>
      <trkpt lat="46.19351" lon="-115.54536">
        <ele>471.1</ele>
      </trkpt>
      <trkpt lat="46.20064" lon="-115.54782">
        <ele>481.2</ele>
      </trkpt>
      <trkpt lat="46.2119" lon="-115.54212">
        <ele>481.7</ele>
      </trkpt>
      <trkpt lat="46.22809" lon="-115.52179">
        <ele>492.8</ele>
      </trkpt>
      <trkpt lat="46.22967" lon="-115.51208">
        <ele>498.1</ele>
      </trkpt>
      <trkpt lat="46.22557" lon="-115.49771">
        <ele>506.5</ele>
      </trkpt>
      <trkpt lat="46.23225" lon="-115.48863">
        <ele>504.6</ele>
      </trkpt>
      <trkpt lat="46.22583" lon="-115.46357">
        <ele>515</ele>
      </trkpt>
      <trkpt lat="46.22985" lon="-115.45515">
        <ele>522.4</ele>
      </trkpt>
      <trkpt lat="46.22683" lon="-115.42825">
        <ele>527.9</ele>
      </trkpt>
      <trkpt lat="46.23409" lon="-115.40579">
        <ele>543.6</ele>
      </trkpt>
      <trkpt lat="46.28277" lon="-115.39022">
        <ele>565.6</ele>
      </trkpt>
      <trkpt lat="46.29337" lon="-115.37652">
        <ele>582.1</ele>
      </trkpt>
      <trkpt lat="46.30833" lon="-115.37218">
        <ele>589.1</ele>
      </trkpt>
      <trkpt lat="46.3114" lon="-115.36244">
        <ele>595.4</ele>
      </trkpt>
      <trkpt lat="46.33438" lon="-115.34579">
        <ele>617.1</ele>
      </trkpt>
      <trkpt lat="46.33643" lon="-115.34068">
        <ele>617.4</ele>
      </trkpt>
      <trkpt lat="46.33254" lon="-115.33271">
        <ele>620.8</ele>
      </trkpt>
      <trkpt lat="46.33743" lon="-115.32985">
        <ele>627.9</ele>
      </trkpt>
      <trkpt lat="46.33966" lon="-115.31331">
        <ele>642.4</ele>
      </trkpt>
      <trkpt lat="46.34866" lon="-115.30332">
        <ele>641.3</ele>
      </trkpt>
      <trkpt lat="46.35325" lon="-115.30494">
        <ele>653.6</ele>
      </trkpt>
      <trkpt lat="46.35298" lon="-115.29306">
        <ele>653.2</ele>
      </trkpt>
      <trkpt lat="46.35811" lon="-115.28902">
        <ele>666.1</ele>
      </trkpt>
      <trkpt lat="46.36251" lon="-115.27196">
        <ele>670</ele>
      </trkpt>
      <trkpt lat="46.36963" lon="-115.26009">
        <ele>680.7</ele>
      </trkpt>
      <trkpt lat="46.37569" lon="-115.26085">
        <ele>695.7</ele>
      </trkpt>
      <trkpt lat="46.37344" lon="-115.25258">
        <ele>695.3</ele>
      </trkpt>
      <trkpt lat="46.38255" lon="-115.24814">
        <ele>712.7</ele>
      </trkpt>
      <trkpt lat="46.38308" lon="-115.23434">
        <ele>720.8</ele>
      </trkpt>
      <trkpt lat="46.39176" lon="-115.21757">
        <ele>727.4</ele>
      </trkpt>
      <trkpt lat="46.40139" lon="-115.20623">
        <ele>742</ele>
      </trkpt>
      <trkpt lat="46.40592" lon="-115.1854">
        <ele>759.5</ele>
      </trkpt>
      <trkpt lat="46.41473" lon="-115.17669">
        <ele>780.6</ele>
      </trkpt>
      <trkpt lat="46.4138" lon="-115.1685">
        <ele>801.6</ele>
      </trkpt>
      <trkpt lat="46.42482" lon="-115.15989">
        <ele>783.1</ele>
      </trkpt>
      <trkpt lat="46.42206" lon="-115.14623">
        <ele>790.4</ele>
      </trkpt>
      <trkpt lat="46.43075" lon="-115.13252">
        <ele>804.5</ele>
      </trkpt>
      <trkpt lat="46.42842" lon="-115.11658">
        <ele>813.8</ele>
      </trkpt>
      <trkpt lat="46.43675" lon="-115.11054">
        <ele>818.9</ele>
      </trkpt>
      <trkpt lat="46.43751" lon="-115.09891">
        <ele>826.9</ele>
      </trkpt>
      <trkpt lat="46.4463" lon="-115.09409">
        <ele>838.1</ele>
      </trkpt>
      <trkpt lat="46.44517" lon="-115.08214">
        <ele>836.4</ele>
      </trkpt>
      <trkpt lat="46.45254" lon="-115.08207">
        <ele>839.7</ele>
      </trkpt>
      <trkpt lat="46.45096" lon="-115.07011">
        <ele>853.5</ele>
      </trkpt>
      <trkpt lat="46.46158" lon="-115.04892">
        <ele>852.6</ele>
      </trkpt>
      <trkpt lat="46.45794" lon="-115.03318">
        <ele>865.4</ele>
      </trkpt>
      <trkpt lat="46.46266" lon="-114.9996">
        <ele>882.2</ele>
      </trkpt>
      <trkpt lat="46.46741" lon="-114.99119">
        <ele>888.9</ele>
      </trkpt>
      <trkpt lat="46.46504" lon="-114.97924">
        <ele>886.1</ele>
      </trkpt>
      <trkpt lat="46.47702" lon="-114.96395">
        <ele>899.3</ele>
      </trkpt>
      <trkpt lat="46.47157" lon="-114.94395">
        <ele>901.4</ele>
      </trkpt>
      <trkpt lat="46.46513" lon="-114.94296">
        <ele>910.6</ele>
      </trkpt>
      <trkpt lat="46.46341" lon="-114.93368">
        <ele>911.8</ele>
      </trkpt>
      <trkpt lat="46.47845" lon="-114.91449">
        <ele>923.2</ele>
      </trkpt>
      <trkpt lat="46.47205" lon="-114.89222">
        <ele>937.5</ele>
      </trkpt>
      <trkpt lat="46.47763" lon="-114.8825">
        <ele>943.3</ele>
      </trkpt>
      <trkpt lat="46.47666" lon="-114.87483">
        <ele>947.5</ele>
      </trkpt>
      <trkpt lat="46.48466" lon="-114.87699">
        <ele>949.5</ele>
      </trkpt>
      <trkpt lat="46.50516" lon="-114.8242">
        <ele>972.7</ele>
      </trkpt>
      <trkpt lat="46.50223" lon="-114.81405">
        <ele>989.6</ele>
      </trkpt>
      <trkpt lat="46.50569" lon="-114.81072">
        <ele>986.9</ele>
      </trkpt>
      <trkpt lat="46.50493" lon="-114.7986">
        <ele>1000.1</ele>
      </trkpt>
      <trkpt lat="46.51048" lon="-114.79282">
        <ele>996.5</ele>
      </trkpt>
      <trkpt lat="46.5073" lon="-114.77341">
        <ele>1004.1</ele>
      </trkpt>
      <trkpt lat="46.51656" lon="-114.75587">
        <ele>1022</ele>
      </trkpt>
      <trkpt lat="46.51396" lon="-114.71927">
        <ele>1067.6</ele>
      </trkpt>
      <trkpt lat="46.52175" lon="-114.68148">
        <ele>1108.9</ele>
      </trkpt>
      <trkpt lat="46.55139" lon="-114.6726">
        <ele>1108</ele>
      </trkpt>
      <trkpt lat="46.58186" lon="-114.60416">
        <ele>1239.8</ele>
      </trkpt>
      <trkpt lat="46.59205" lon="-114.60372">
        <ele>1324.7</ele>
      </trkpt>
      <trkpt lat="46.60578" lon="-114.59264">
        <ele>1414.3</ele>
      </trkpt>
      <trkpt lat="46.63349" lon="-114.57983">
        <ele>1600.1</ele>
      </trkpt>
      <trkpt lat="46.65911" lon="-114.58306">
        <ele>1459.6</ele>
      </trkpt>
      <trkpt lat="46.67485" lon="-114.57571">
        <ele>1379</ele>
      </trkpt>
      <trkpt lat="46.69996" lon="-114.54059">
        <ele>1285.3</ele>
      </trkpt>
      <trkpt lat="46.71134" lon="-114.53356">
        <ele>1276.5</ele>
      </trkpt>
      <trkpt lat="46.73138" lon="-114.52756">
        <ele>1249.9</ele>
      </trkpt>
      <trkpt lat="46.73693" lon="-114.53007">
        <ele>1255.6</ele>
      </trkpt>
      <trkpt lat="46.75189" lon="-114.51258">
        <ele>1239.9</ele>
      </trkpt>
      <trkpt lat="46.75239" lon="-114.50079">
        <ele>1226.7</ele>
      </trkpt>
      <trkpt lat="46.75942" lon="-114.48621">
        <ele>1217.6</ele>
      </trkpt>
      <trkpt lat="46.76528" lon="-114.48384">
        <ele>1214.8</ele>
      </trkpt>
      <trkpt lat="46.76925" lon="-114.44477">
        <ele>1186.3</ele>
      </trkpt>
      <trkpt lat="46.78075" lon="-114.42239">
        <ele>1168.7</ele>
      </trkpt>
      <trkpt lat="46.7826" lon="-114.39892">
        <ele>1151.4</ele>
      </trkpt>
      <trkpt lat="46.77508" lon="-114.36369">
        <ele>1132.7</ele>
      </trkpt>
      <trkpt lat="46.76693" lon="-114.34567">
        <ele>1130.7</ele>
      </trkpt>
      <trkpt lat="46.76567" lon="-114.33171">
        <ele>1111.8</ele>
      </trkpt>
      <trkpt lat="46.75771" lon="-114.31716">
        <ele>1105.2</ele>
      </trkpt>
      <trkpt lat="46.76526" lon="-114.27112">
        <ele>1081.6</ele>
      </trkpt>
      <trkpt lat="46.75596" lon="-114.24557">
        <ele>1063.8</ele>
      </trkpt>
      <trkpt lat="46.75412" lon="-114.20916">
        <ele>1042.2</ele>
      </trkpt>
      <trkpt lat="46.74437" lon="-114.18417">
        <ele>1025.4</ele>
      </trkpt>
      <trkpt lat="46.74698" lon="-114.17013">
        <ele>1020.8</ele>
      </trkpt>
      <trkpt lat="46.74322" lon="-114.15122">
        <ele>1008.5</ele>
      </trkpt>
      <trkpt lat="46.75658" lon="-114.11671">
        <ele>988.7</ele>
      </trkpt>
      <trkpt lat="46.75681" lon="-114.08203">
        <ele>971.2</ele>
      </trkpt>
      <trkpt lat="46.7705" lon="-114.07943">
        <ele>963.6</ele>
      </trkpt>
      <trkpt lat="46.78963" lon="-114.10232">
        <ele>962.1</ele>
      </trkpt>
      <trkpt lat="46.81124" lon="-114.09643">
        <ele>971.5</ele>
      </trkpt>
      <trkpt lat="46.82484" lon="-114.07574">
        <ele>956.1</ele>
      </trkpt>
      <trkpt lat="46.83923" lon="-114.03721">
        <ele>965.3</ele>
      </trkpt>
      <trkpt lat="46.87075" lon="-114.00799">
        <ele>970</ele>
      </trkpt>
      <trkpt lat="46.86652" lon="-113.98795">
        <ele>975.7</ele>
      </trkpt>
      <trkpt lat="46.86795" lon="-113.99494">
        <ele>974.9</ele>
      </trkpt>
      <trkpt lat="46.87271" lon="-113.99201">
        <ele>980.2</ele>
      </trkpt>
      <trkpt lat="46.86799" lon="-113.99497">
        <ele>974.9</ele>
      </trkpt>
      <trkpt lat="46.86652" lon="-113.98793">
        <ele>975.7</ele>
      </trkpt>
      <trkpt lat="46.87078" lon="-114.008">
        <ele>970</ele>
      </trkpt>
      <trkpt lat="46.83926" lon="-114.03728">
        <ele>965.3</ele>
      </trkpt>
      <trkpt lat="46.82454" lon="-114.07635">
        <ele>957.1</ele>
      </trkpt>
      <trkpt lat="46.80765" lon="-114.09862">
        <ele>958.2</ele>
      </trkpt>
      <trkpt lat="46.78962" lon="-114.10219">
        <ele>960.6</ele>
      </trkpt>
      <trkpt lat="46.76898" lon="-114.07895">
        <ele>961</ele>
      </trkpt>
      <trkpt lat="46.74812" lon="-114.08318">
        <ele>971</ele>
      </trkpt>
      <trkpt lat="46.66554" lon="-114.07664">
        <ele>978.8</ele>
      </trkpt>
      <trkpt lat="46.64401" lon="-114.07105">
        <ele>982.1</ele>
      </trkpt>
      <trkpt lat="46.61941" lon="-114.0894">
        <ele>998.9</ele>
      </trkpt>
      <trkpt lat="46.5791" lon="-114.09068">
        <ele>993.8</ele>
      </trkpt>
      <trkpt lat="46.56358" lon="-114.10502">
        <ele>996.9</ele>
      </trkpt>
      <trkpt lat="46.55203" lon="-114.10223">
        <ele>1000.2</ele>
      </trkpt>
      <trkpt lat="46.50889" lon="-114.12073">
        <ele>1000.8</ele>
      </trkpt>
      <trkpt lat="46.44336" lon="-114.13566">
        <ele>1023.6</ele>
      </trkpt>
      <trkpt lat="46.42236" lon="-114.14583">
        <ele>1033.5</ele>
      </trkpt>
      <trkpt lat="46.37309" lon="-114.14316">
        <ele>1044.9</ele>
      </trkpt>
      <trkpt lat="46.2841" lon="-114.16213">
        <ele>1067.7</ele>
      </trkpt>
      <trkpt lat="46.27466" lon="-114.15531">
        <ele>1074.4</ele>
      </trkpt>
      <trkpt lat="46.20787" lon="-114.15557">
        <ele>1103.5</ele>
      </trkpt>
      <trkpt lat="46.19661" lon="-114.17229">
        <ele>1116.4</ele>
      </trkpt>
      <trkpt lat="46.18047" lon="-114.18213">
        <ele>1139</ele>
      </trkpt>
      <trkpt lat="46.11979" lon="-114.1786">
        <ele>1176.2</ele>
      </trkpt>
      <trkpt lat="46.10012" lon="-114.18798">
        <ele>1147.2</ele>
      </trkpt>
      <trkpt lat="46.08342" lon="-114.17006">
        <ele>1162.8</ele>
      </trkpt>
      <trkpt lat="46.01878" lon="-114.17819">
        <ele>1187.7</ele>
      </trkpt>
      <trkpt lat="46.0065" lon="-114.16666">
        <ele>1187.7</ele>
      </trkpt>
      <trkpt lat="45.98909" lon="-114.16775">
        <ele>1205.2</ele>
      </trkpt>
      <trkpt lat="45.97036" lon="-114.13773">
        <ele>1214.3</ele>
      </trkpt>
      <trkpt lat="45.92208" lon="-114.11278">
        <ele>1239.1</ele>
      </trkpt>
      <trkpt lat="45.90467" lon="-114.07313">
        <ele>1265.7</ele>
      </trkpt>
      <trkpt lat="45.87628" lon="-114.06181">
        <ele>1287</ele>
      </trkpt>
      <trkpt lat="45.86814" lon="-114.04385">
        <ele>1297.7</ele>
      </trkpt>
      <trkpt lat="45.86194" lon="-114.04103">
        <ele>1297.3</ele>
      </trkpt>
      <trkpt lat="45.8577" lon="-114.02246">
        <ele>1318.6</ele>
      </trkpt>
      <trkpt lat="45.84279" lon="-113.99714">
        <ele>1342.8</ele>
      </trkpt>
      <trkpt lat="45.83546" lon="-113.99174">
        <ele>1351</ele>
      </trkpt>
      <trkpt lat="45.83384" lon="-113.97133">
        <ele>1366.6</ele>
      </trkpt>
      <trkpt lat="45.81379" lon="-113.95517">
        <ele>1411.7</ele>
      </trkpt>
      <trkpt lat="45.75734" lon="-113.94671">
        <ele>1570.7</ele>
      </trkpt>
      <trkpt lat="45.73401" lon="-113.92917">
        <ele>1740.9</ele>
      </trkpt>
      <trkpt lat="45.73165" lon="-113.9197">
        <ele>1791.9</ele>
      </trkpt>
      <trkpt lat="45.71491" lon="-113.91939">
        <ele>1905.1</ele>
      </trkpt>
      <trkpt lat="45.71699" lon="-113.92753">
        <ele>1951.4</ele>
      </trkpt>
      <trkpt lat="45.71192" lon="-113.92895">
        <ele>1987.2</ele>
      </trkpt>
      <trkpt lat="45.7112" lon="-113.93495">
        <ele>2017.5</ele>
      </trkpt>
      <trkpt lat="45.7048" lon="-113.93403">
        <ele>2049.9</ele>
      </trkpt>
      <trkpt lat="45.69595" lon="-113.94852">
        <ele>2134.2</ele>
      </trkpt>
      <trkpt lat="45.69206" lon="-113.93924">
        <ele>2163.4</ele>
      </trkpt>
      <trkpt lat="45.68175" lon="-113.93206">
        <ele>2200.4</ele>
      </trkpt>
      <trkpt lat="45.68472" lon="-113.91608">
        <ele>2119.2</ele>
      </trkpt>
      <trkpt lat="45.67909" lon="-113.90347">
        <ele>2058.1</ele>
      </trkpt>
      <trkpt lat="45.66231" lon="-113.81763">
        <ele>1950.4</ele>
      </trkpt>
      <trkpt lat="45.65646" lon="-113.80543">
        <ele>1951</ele>
      </trkpt>
      <trkpt lat="45.65926" lon="-113.7453">
        <ele>1922</ele>
      </trkpt>
      <trkpt lat="45.65603" lon="-113.73804">
        <ele>1918.6</ele>
      </trkpt>
      <trkpt lat="45.65726" lon="-113.71795">
        <ele>1913.3</ele>
      </trkpt>
      <trkpt lat="45.63789" lon="-113.67955">
        <ele>1898.4</ele>
      </trkpt>
      <trkpt lat="45.6267" lon="-113.57268">
        <ele>1891.9</ele>
      </trkpt>
      <trkpt lat="45.63166" lon="-113.50325">
        <ele>1848.5</ele>
      </trkpt>
      <trkpt lat="45.61775" lon="-113.45239">
        <ele>1844.2</ele>
      </trkpt>
      <trkpt lat="45.59008" lon="-113.45434">
        <ele>1868.4</ele>
      </trkpt>
      <trkpt lat="45.58115" lon="-113.46042">
        <ele>1871.3</ele>
      </trkpt>
      <trkpt lat="45.44833" lon="-113.45744">
        <ele>1927.4</ele>
      </trkpt>
      <trkpt lat="45.4329" lon="-113.44361">
        <ele>1932.5</ele>
      </trkpt>
      <trkpt lat="45.38076" lon="-113.41906">
        <ele>1971</ele>
      </trkpt>
      <trkpt lat="45.3755" lon="-113.40947">
        <ele>1985.4</ele>
      </trkpt>
      <trkpt lat="45.35472" lon="-113.40693">
        <ele>2011.7</ele>
      </trkpt>
      <trkpt lat="45.33425" lon="-113.34286">
        <ele>2023.7</ele>
      </trkpt>
      <trkpt lat="45.31477" lon="-113.31944">
        <ele>2036.5</ele>
      </trkpt>
      <trkpt lat="45.32056" lon="-113.28957">
        <ele>2082.2</ele>
      </trkpt>
      <trkpt lat="45.3376" lon="-113.25779">
        <ele>2152.1</ele>
      </trkpt>
      <trkpt lat="45.32415" lon="-113.22017">
        <ele>2164.8</ele>
      </trkpt>
      <trkpt lat="45.31935" lon="-113.17483">
        <ele>2010.9</ele>
      </trkpt>
      <trkpt lat="45.30779" lon="-113.15188">
        <ele>1927.4</ele>
      </trkpt>
      <trkpt lat="45.29976" lon="-113.14777">
        <ele>1919.9</ele>
      </trkpt>
      <trkpt lat="45.29478" lon="-113.1326">
        <ele>1877.4</ele>
      </trkpt>
      <trkpt lat="45.26386" lon="-113.11441">
        <ele>1858.1</ele>
      </trkpt>
      <trkpt lat="45.23085" lon="-113.08235">
        <ele>1828.7</ele>
      </trkpt>
      <trkpt lat="45.20762" lon="-113.01553">
        <ele>1856.6</ele>
      </trkpt>
      <trkpt lat="45.21758" lon="-112.98502">
        <ele>1914.9</ele>
      </trkpt>
      <trkpt lat="45.23343" lon="-112.95689">
        <ele>2050.9</ele>
      </trkpt>
      <trkpt lat="45.23268" lon="-112.88505">
        <ele>1887.1</ele>
      </trkpt>
      <trkpt lat="45.21947" lon="-112.79612">
        <ele>1696.6</ele>
      </trkpt>
      <trkpt lat="45.18163" lon="-112.72066">
        <ele>1586.4</ele>
      </trkpt>
      <trkpt lat="45.17898" lon="-112.69173">
        <ele>1574.3</ele>
      </trkpt>
      <trkpt lat="45.18193" lon="-112.67291">
        <ele>1574.6</ele>
      </trkpt>
      <trkpt lat="45.1936" lon="-112.65215">
        <ele>1571.3</ele>
      </trkpt>
      <trkpt lat="45.21901" lon="-112.63589">
        <ele>1553.3</ele>
      </trkpt>
      <trkpt lat="45.22928" lon="-112.62742">
        <ele>1546.8</ele>
      </trkpt>
      <trkpt lat="45.23385" lon="-112.60409">
        <ele>1541.4</ele>
      </trkpt>
      <trkpt lat="45.25591" lon="-112.57295">
        <ele>1536.4</ele>
      </trkpt>
      <trkpt lat="45.33197" lon="-112.52232">
        <ele>1518.7</ele>
      </trkpt>
      <trkpt lat="45.38019" lon="-112.45394">
        <ele>1470.3</ele>
      </trkpt>
      <trkpt lat="45.40489" lon="-112.44635">
        <ele>1464.2</ele>
      </trkpt>
      <trkpt lat="45.48527" lon="-112.39652">
        <ele>1434.9</ele>
      </trkpt>
      <trkpt lat="45.53106" lon="-112.35595">
        <ele>1416.9</ele>
      </trkpt>
      <trkpt lat="45.54426" lon="-112.33716">
        <ele>1409.9</ele>
      </trkpt>
      <trkpt lat="45.54424" lon="-112.33099">
        <ele>1409.9</ele>
      </trkpt>
      <trkpt lat="45.53025" lon="-112.32558">
        <ele>1415.9</ele>
      </trkpt>
      <trkpt lat="45.50436" lon="-112.28708">
        <ele>1451.8</ele>
      </trkpt>
      <trkpt lat="45.47655" lon="-112.21246">
        <ele>1559.9</ele>
      </trkpt>
      <trkpt lat="45.36688" lon="-112.12417">
        <ele>1537</ele>
      </trkpt>
      <trkpt lat="45.32255" lon="-112.10587">
        <ele>1562</ele>
      </trkpt>
      <trkpt lat="45.31897" lon="-112.04573">
        <ele>1609.6</ele>
      </trkpt>
      <trkpt lat="45.32652" lon="-112.01701">
        <ele>1643.2</ele>
      </trkpt>
      <trkpt lat="45.32501" lon="-112.0026">
        <ele>1649.3</ele>
      </trkpt>
      <trkpt lat="45.30195" lon="-111.95766">
        <ele>1728.9</ele>
      </trkpt>
      <trkpt lat="45.29314" lon="-111.94982">
        <ele>1745.7</ele>
      </trkpt>
      <trkpt lat="45.29565" lon="-111.9262">
        <ele>1855.9</ele>
      </trkpt>
      <trkpt lat="45.2866" lon="-111.92348">
        <ele>1929.7</ele>
      </trkpt>
      <trkpt lat="45.27976" lon="-111.90522">
        <ele>2035.5</ele>
      </trkpt>
      <trkpt lat="45.28336" lon="-111.89242">
        <ele>2106.9</ele>
      </trkpt>
      <trkpt lat="45.32132" lon="-111.84394">
        <ele>1891.1</ele>
      </trkpt>
      <trkpt lat="45.3231" lon="-111.82941">
        <ele>1809.1</ele>
      </trkpt>
      <trkpt lat="45.31708" lon="-111.80531">
        <ele>1703.4</ele>
      </trkpt>
      <trkpt lat="45.32067" lon="-111.76042">
        <ele>1583.7</ele>
      </trkpt>
      <trkpt lat="45.32803" lon="-111.74173">
        <ele>1526.1</ele>
      </trkpt>
      <trkpt lat="45.34835" lon="-111.73984">
        <ele>1515.7</ele>
      </trkpt>
      <trkpt lat="45.34848" lon="-111.72371">
        <ele>1506.9</ele>
      </trkpt>
      <trkpt lat="45.33355" lon="-111.70125">
        <ele>1518.2</ele>
      </trkpt>
      <trkpt lat="45.3161" lon="-111.69905">
        <ele>1549.2</ele>
      </trkpt>
      <trkpt lat="45.27379" lon="-111.67922">
        <ele>1586</ele>
      </trkpt>
      <trkpt lat="45.14791" lon="-111.6785">
        <ele>1677.6</ele>
      </trkpt>
      <trkpt lat="45.0986" lon="-111.64883">
        <ele>1677.2</ele>
      </trkpt>
      <trkpt lat="44.98235" lon="-111.64792">
        <ele>1769.2</ele>
      </trkpt>
      <trkpt lat="44.9686" lon="-111.64132">
        <ele>1749</ele>
      </trkpt>
      <trkpt lat="44.95221" lon="-111.61733">
        <ele>1760.6</ele>
      </trkpt>
      <trkpt lat="44.93323" lon="-111.60531">
        <ele>1796</ele>
      </trkpt>
      <trkpt lat="44.91229" lon="-111.60079">
        <ele>1788.1</ele>
      </trkpt>
      <trkpt lat="44.86957" lon="-111.56204">
        <ele>1823.4</ele>
      </trkpt>
      <trkpt lat="44.85513" lon="-111.54248">
        <ele>1846.9</ele>
      </trkpt>
      <trkpt lat="44.83856" lon="-111.51147">
        <ele>1878.7</ele>
      </trkpt>
      <trkpt lat="44.82829" lon="-111.46929">
        <ele>1896.7</ele>
      </trkpt>
      <trkpt lat="44.82646" lon="-111.44388">
        <ele>1900.9</ele>
      </trkpt>
      <trkpt lat="44.82879" lon="-111.42661">
        <ele>1971.5</ele>
      </trkpt>
      <trkpt lat="44.84393" lon="-111.41558">
        <ele>1955.4</ele>
      </trkpt>
      <trkpt lat="44.85452" lon="-111.39779">
        <ele>1970</ele>
      </trkpt>
      <trkpt lat="44.87095" lon="-111.34212">
        <ele>1976.1</ele>
      </trkpt>
      <trkpt lat="44.85287" lon="-111.32117">
        <ele>2018.5</ele>
      </trkpt>
      <trkpt lat="44.83199" lon="-111.27719">
        <ele>2022.2</ele>
      </trkpt>
      <trkpt lat="44.80089" lon="-111.23518">
        <ele>1999.3</ele>
      </trkpt>
      <trkpt lat="44.80396" lon="-111.22497">
        <ele>2000.2</ele>
      </trkpt>
      <trkpt lat="44.80385" lon="-111.17323">
        <ele>2011.1</ele>
      </trkpt>
      <trkpt lat="44.7819" lon="-111.11331">
        <ele>2012</ele>
      </trkpt>
      <trkpt lat="44.73926" lon="-111.11318">
        <ele>2010.5</ele>
      </trkpt>
      <trkpt lat="44.71818" lon="-111.10307">
        <ele>2002.1</ele>
      </trkpt>
      <trkpt lat="44.65872" lon="-111.09969">
        <ele>2033.4</ele>
      </trkpt>
      <trkpt lat="44.65143" lon="-111.05839">
        <ele>2040.7</ele>
      </trkpt>
      <trkpt lat="44.6499" lon="-111.00532">
        <ele>2056.7</ele>
      </trkpt>
      <trkpt lat="44.65321" lon="-110.99331">
        <ele>2063.4</ele>
      </trkpt>
      <trkpt lat="44.66466" lon="-110.99087">
        <ele>2055.2</ele>
      </trkpt>
      <trkpt lat="44.66929" lon="-110.97754">
        <ele>2056.1</ele>
      </trkpt>
      <trkpt lat="44.66235" lon="-110.96267">
        <ele>2061.5</ele>
      </trkpt>
      <trkpt lat="44.64971" lon="-110.95372">
        <ele>2060.6</ele>
      </trkpt>
      <trkpt lat="44.64024" lon="-110.89279">
        <ele>2072.4</ele>
      </trkpt>
      <trkpt lat="44.64143" lon="-110.87787">
        <ele>2077.2</ele>
      </trkpt>
      <trkpt lat="44.64668" lon="-110.87026">
        <ele>2085.7</ele>
      </trkpt>
      <trkpt lat="44.64541" lon="-110.85842">
        <ele>2084.1</ele>
      </trkpt>
      <trkpt lat="44.64045" lon="-110.86122">
        <ele>2074.4</ele>
      </trkpt>
      <trkpt lat="44.63135" lon="-110.85426">
        <ele>2133.5</ele>
      </trkpt>
      <trkpt lat="44.62435" lon="-110.85942">
        <ele>2161.5</ele>
      </trkpt>
      <trkpt lat="44.61306" lon="-110.85378">
        <ele>2168.9</ele>
      </trkpt>
      <trkpt lat="44.59919" lon="-110.83206">
        <ele>2178.9</ele>
      </trkpt>
      <trkpt lat="44.57992" lon="-110.83079">
        <ele>2185.9</ele>
      </trkpt>
      <trkpt lat="44.56978" lon="-110.81633">
        <ele>2200.5</ele>
      </trkpt>
      <trkpt lat="44.55055" lon="-110.80542">
        <ele>2227.5</ele>
      </trkpt>
      <trkpt lat="44.53501" lon="-110.81814">
        <ele>2214.5</ele>
      </trkpt>
      <trkpt lat="44.52951" lon="-110.83509">
        <ele>2208.9</ele>
      </trkpt>
      <trkpt lat="44.51883" lon="-110.82503">
        <ele>2218.1</ele>
      </trkpt>
      <trkpt lat="44.47242" lon="-110.85786">
        <ele>2221.2</ele>
      </trkpt>
      <trkpt lat="44.4629" lon="-110.85117">
        <ele>2225.8</ele>
      </trkpt>
      <trkpt lat="44.452" lon="-110.82484">
        <ele>2257.3</ele>
      </trkpt>
      <trkpt lat="44.45385" lon="-110.81431">
        <ele>2279.6</ele>
      </trkpt>
      <trkpt lat="44.43638" lon="-110.79774">
        <ele>2370.3</ele>
      </trkpt>
      <trkpt lat="44.42981" lon="-110.76778">
        <ele>2415.4</ele>
      </trkpt>
      <trkpt lat="44.43056" lon="-110.74948">
        <ele>2425.9</ele>
      </trkpt>
      <trkpt lat="44.43709" lon="-110.7258">
        <ele>2491.4</ele>
      </trkpt>
      <trkpt lat="44.4472" lon="-110.71266">
        <ele>2469.9</ele>
      </trkpt>
      <trkpt lat="44.4466" lon="-110.69961">
        <ele>2430.4</ele>
      </trkpt>
      <trkpt lat="44.45215" lon="-110.68632">
        <ele>2433.6</ele>
      </trkpt>
      <trkpt lat="44.44759" lon="-110.67791">
        <ele>2474</ele>
      </trkpt>
      <trkpt lat="44.43043" lon="-110.67236">
        <ele>2574.3</ele>
      </trkpt>
      <trkpt lat="44.43378" lon="-110.63676">
        <ele>2555.6</ele>
      </trkpt>
      <trkpt lat="44.41685" lon="-110.59609">
        <ele>2484.9</ele>
      </trkpt>
      <trkpt lat="44.42361" lon="-110.5881">
        <ele>2438.5</ele>
      </trkpt>
      <trkpt lat="44.40627" lon="-110.57">
        <ele>2376.1</ele>
      </trkpt>
      <trkpt lat="44.3607" lon="-110.58081">
        <ele>2438.6</ele>
      </trkpt>
      <trkpt lat="44.33476" lon="-110.59577">
        <ele>2420.9</ele>
      </trkpt>
      <trkpt lat="44.30676" lon="-110.60323">
        <ele>2373.2</ele>
      </trkpt>
      <trkpt lat="44.28629" lon="-110.62706">
        <ele>2374.2</ele>
      </trkpt>
      <trkpt lat="44.27379" lon="-110.62773">
        <ele>2365.2</ele>
      </trkpt>
      <trkpt lat="44.26506" lon="-110.6377">
        <ele>2362</ele>
      </trkpt>
      <trkpt lat="44.23451" lon="-110.65335">
        <ele>2351</ele>
      </trkpt>
      <trkpt lat="44.21345" lon="-110.6611">
        <ele>2364.9</ele>
      </trkpt>
      <trkpt lat="44.19036" lon="-110.65596">
        <ele>2295.7</ele>
      </trkpt>
      <trkpt lat="44.15363" lon="-110.67473">
        <ele>2147.6</ele>
      </trkpt>
      <trkpt lat="44.12722" lon="-110.66001">
        <ele>2112.5</ele>
      </trkpt>
      <trkpt lat="44.10231" lon="-110.66581">
        <ele>2084.5</ele>
      </trkpt>
      <trkpt lat="44.079" lon="-110.68388">
        <ele>2087.1</ele>
      </trkpt>
      <trkpt lat="44.01972" lon="-110.69505">
        <ele>2161.9</ele>
      </trkpt>
      <trkpt lat="44.00799" lon="-110.68988">
        <ele>2098.5</ele>
      </trkpt>
      <trkpt lat="44.00562" lon="-110.67873">
        <ele>2082.7</ele>
      </trkpt>
      <trkpt lat="43.98301" lon="-110.66395">
        <ele>2070.9</ele>
      </trkpt>
      <trkpt lat="43.96575" lon="-110.63721">
        <ele>2087.9</ele>
      </trkpt>
      <trkpt lat="43.93833" lon="-110.62953">
        <ele>2119.8</ele>
      </trkpt>
      <trkpt lat="43.91689" lon="-110.63578">
        <ele>2084.8</ele>
      </trkpt>
      <trkpt lat="43.90484" lon="-110.62283">
        <ele>2086.6</ele>
      </trkpt>
      <trkpt lat="43.9045" lon="-110.59119">
        <ele>2100.8</ele>
      </trkpt>
      <trkpt lat="43.89862" lon="-110.57631">
        <ele>2100</ele>
      </trkpt>
      <trkpt lat="43.89214" lon="-110.57132">
        <ele>2093.5</ele>
      </trkpt>
      <trkpt lat="43.86648" lon="-110.57117">
        <ele>2061.6</ele>
      </trkpt>
      <trkpt lat="43.86501" lon="-110.53931">
        <ele>2078.5</ele>
      </trkpt>
      <trkpt lat="43.85338" lon="-110.51886">
        <ele>2056.1</ele>
      </trkpt>
      <trkpt lat="43.84005" lon="-110.50997">
        <ele>2052.5</ele>
      </trkpt>
      <trkpt lat="43.83738" lon="-110.5004">
        <ele>2061.5</ele>
      </trkpt>
      <trkpt lat="43.84017" lon="-110.45714">
        <ele>2086.7</ele>
      </trkpt>
      <trkpt lat="43.83181" lon="-110.41891">
        <ele>2070.4</ele>
      </trkpt>
      <trkpt lat="43.83429" lon="-110.38875">
        <ele>2075.7</ele>
      </trkpt>
      <trkpt lat="43.82675" lon="-110.37167">
        <ele>2080.2</ele>
      </trkpt>
      <trkpt lat="43.82166" lon="-110.31612">
        <ele>2226.9</ele>
      </trkpt>
      <trkpt lat="43.82408" lon="-110.30872">
        <ele>2238.9</ele>
      </trkpt>
      <trkpt lat="43.81291" lon="-110.25944">
        <ele>2424.7</ele>
      </trkpt>
      <trkpt lat="43.81726" lon="-110.24484">
        <ele>2498.8</ele>
      </trkpt>
      <trkpt lat="43.81386" lon="-110.22378">
        <ele>2556.3</ele>
      </trkpt>
      <trkpt lat="43.81954" lon="-110.19211">
        <ele>2639.9</ele>
      </trkpt>
      <trkpt lat="43.80458" lon="-110.16163">
        <ele>2639.7</ele>
      </trkpt>
      <trkpt lat="43.78659" lon="-110.14269">
        <ele>2676</ele>
      </trkpt>
      <trkpt lat="43.76865" lon="-110.10691">
        <ele>2761.2</ele>
      </trkpt>
      <trkpt lat="43.76963" lon="-110.08661">
        <ele>2783</ele>
      </trkpt>
      <trkpt lat="43.76588" lon="-110.07125">
        <ele>2846.9</ele>
      </trkpt>
      <trkpt lat="43.75158" lon="-110.06763">
        <ele>2910.5</ele>
      </trkpt>
      <trkpt lat="43.74294" lon="-110.0565">
        <ele>2877.1</ele>
      </trkpt>
      <trkpt lat="43.73976" lon="-110.04397">
        <ele>2832.6</ele>
      </trkpt>
      <trkpt lat="43.72676" lon="-110.03662">
        <ele>2782.5</ele>
      </trkpt>
      <trkpt lat="43.71523" lon="-110.00772">
        <ele>2675.5</ele>
      </trkpt>
      <trkpt lat="43.71464" lon="-110.00068">
        <ele>2670.8</ele>
      </trkpt>
      <trkpt lat="43.7206" lon="-109.99807">
        <ele>2636.2</ele>
      </trkpt>
      <trkpt lat="43.72032" lon="-109.99124">
        <ele>2618.3</ele>
      </trkpt>
      <trkpt lat="43.70814" lon="-109.97696">
        <ele>2581.2</ele>
      </trkpt>
      <trkpt lat="43.70874" lon="-109.9692">
        <ele>2545.7</ele>
      </trkpt>
      <trkpt lat="43.69297" lon="-109.96305">
        <ele>2489.7</ele>
      </trkpt>
      <trkpt lat="43.65873" lon="-109.94258">
        <ele>2375.3</ele>
      </trkpt>
      <trkpt lat="43.63515" lon="-109.90504">
        <ele>2327.3</ele>
      </trkpt>
      <trkpt lat="43.62841" lon="-109.85557">
        <ele>2313.3</ele>
      </trkpt>
      <trkpt lat="43.62806" lon="-109.81507">
        <ele>2283.9</ele>
      </trkpt>
      <trkpt lat="43.62" lon="-109.80399">
        <ele>2304</ele>
      </trkpt>
      <trkpt lat="43.60296" lon="-109.79519">
        <ele>2228.6</ele>
      </trkpt>
      <trkpt lat="43.5979" lon="-109.77847">
        <ele>2226.5</ele>
      </trkpt>
      <trkpt lat="43.57889" lon="-109.7609">
        <ele>2203.7</ele>
      </trkpt>
      <trkpt lat="43.57885" lon="-109.74452">
        <ele>2200</ele>
      </trkpt>
      <trkpt lat="43.56816" lon="-109.71082">
        <ele>2179.5</ele>
      </trkpt>
      <trkpt lat="43.53997" lon="-109.65307">
        <ele>2124.8</ele>
      </trkpt>
      <trkpt lat="43.52739" lon="-109.61627">
        <ele>2106.5</ele>
      </trkpt>
      <trkpt lat="43.51777" lon="-109.6032">
        <ele>2089.2</ele>
      </trkpt>
      <trkpt lat="43.51554" lon="-109.57368">
        <ele>2085.5</ele>
      </trkpt>
      <trkpt lat="43.50198" lon="-109.55521">
        <ele>2057.7</ele>
      </trkpt>
      <trkpt lat="43.50027" lon="-109.53645">
        <ele>2039.4</ele>
      </trkpt>
      <trkpt lat="43.48558" lon="-109.50425">
        <ele>2008.4</ele>
      </trkpt>
      <trkpt lat="43.44529" lon="-109.46884">
        <ele>1971.7</ele>
      </trkpt>
      <trkpt lat="43.43678" lon="-109.44835">
        <ele>1956.5</ele>
      </trkpt>
      <trkpt lat="43.4173" lon="-109.44286">
        <ele>1932.8</ele>
      </trkpt>
      <trkpt lat="43.41282" lon="-109.4177">
        <ele>1933</ele>
      </trkpt>
      <trkpt lat="43.42063" lon="-109.37607">
        <ele>1957.3</ele>
      </trkpt>
      <trkpt lat="43.41896" lon="-109.35807">
        <ele>1961.6</ele>
      </trkpt>
      <trkpt lat="43.40845" lon="-109.3518">
        <ele>1987.4</ele>
      </trkpt>
      <trkpt lat="43.39798" lon="-109.3235">
        <ele>1974.3</ele>
      </trkpt>
      <trkpt lat="43.38015" lon="-109.30341">
        <ele>1933.8</ele>
      </trkpt>
      <trkpt lat="43.35806" lon="-109.26306">
        <ele>1892</ele>
      </trkpt>
      <trkpt lat="43.32841" lon="-109.22701">
        <ele>1877.5</ele>
      </trkpt>
      <trkpt lat="43.31003" lon="-109.19542">
        <ele>1859.4</ele>
      </trkpt>
      <trkpt lat="43.27504" lon="-109.12025">
        <ele>1817.7</ele>
      </trkpt>
      <trkpt lat="43.26719" lon="-109.09203">
        <ele>1793.9</ele>
      </trkpt>
      <trkpt lat="43.24762" lon="-109.06134">
        <ele>1794.5</ele>
      </trkpt>
      <trkpt lat="43.23835" lon="-109.03716">
        <ele>1761.8</ele>
      </trkpt>
      <trkpt lat="43.23809" lon="-109.01784">
        <ele>1732.2</ele>
      </trkpt>
      <trkpt lat="43.22252" lon="-109.00129">
        <ele>1739</ele>
      </trkpt>
      <trkpt lat="43.21339" lon="-108.96865">
        <ele>1726.1</ele>
      </trkpt>
      <trkpt lat="43.20172" lon="-108.96377">
        <ele>1761.1</ele>
      </trkpt>
      <trkpt lat="43.18818" lon="-108.94636">
        <ele>1851.9</ele>
      </trkpt>
      <trkpt lat="43.1617" lon="-108.94725">
        <ele>1879.5</ele>
      </trkpt>
      <trkpt lat="43.14197" lon="-108.94126">
        <ele>1827.7</ele>
      </trkpt>
      <trkpt lat="43.11664" lon="-108.91663">
        <ele>1765</ele>
      </trkpt>
      <trkpt lat="43.08331" lon="-108.90344">
        <ele>1726</ele>
      </trkpt>
      <trkpt lat="43.05563" lon="-108.91135">
        <ele>1770</ele>
      </trkpt>
      <trkpt lat="43.0193" lon="-108.88622">
        <ele>1726.4</ele>
      </trkpt>
      <trkpt lat="42.97114" lon="-108.85901">
        <ele>1696</ele>
      </trkpt>
      <trkpt lat="42.96227" lon="-108.82728">
        <ele>1691.9</ele>
      </trkpt>
      <trkpt lat="42.94205" lon="-108.79647">
        <ele>1674.6</ele>
      </trkpt>
      <trkpt lat="42.89297" lon="-108.7947">
        <ele>1704.5</ele>
      </trkpt>
      <trkpt lat="42.86604" lon="-108.77758">
        <ele>1683.2</ele>
      </trkpt>
      <trkpt lat="42.85099" lon="-108.75231">
        <ele>1637.6</ele>
      </trkpt>
      <trkpt lat="42.83615" lon="-108.74463">
        <ele>1637.5</ele>
      </trkpt>
      <trkpt lat="42.8311" lon="-108.72396">
        <ele>1641.1</ele>
      </trkpt>
      <trkpt lat="42.80734" lon="-108.69974">
        <ele>1630.4</ele>
      </trkpt>
      <trkpt lat="42.77612" lon="-108.6609">
        <ele>1655.5</ele>
      </trkpt>
      <trkpt lat="42.76528" lon="-108.65404">
        <ele>1642.2</ele>
      </trkpt>
      <trkpt lat="42.72885" lon="-108.64665">
        <ele>1690.4</ele>
      </trkpt>
      <trkpt lat="42.72739" lon="-108.62291">
        <ele>1656.5</ele>
      </trkpt>
      <trkpt lat="42.69966" lon="-108.58683">
        <ele>1689.6</ele>
      </trkpt>
      <trkpt lat="42.69257" lon="-108.56758">
        <ele>1697.5</ele>
      </trkpt>
      <trkpt lat="42.6938" lon="-108.54729">
        <ele>1724.6</ele>
      </trkpt>
      <trkpt lat="42.70353" lon="-108.47695">
        <ele>1756.8</ele>
      </trkpt>
      <trkpt lat="42.67973" lon="-108.43299">
        <ele>1757.5</ele>
      </trkpt>
      <trkpt lat="42.66644" lon="-108.37192">
        <ele>1711.6</ele>
      </trkpt>
      <trkpt lat="42.63966" lon="-108.34566">
        <ele>1722.5</ele>
      </trkpt>
      <trkpt lat="42.62339" lon="-108.32071">
        <ele>1798.2</ele>
      </trkpt>
      <trkpt lat="42.60986" lon="-108.32372">
        <ele>1885.3</ele>
      </trkpt>
      <trkpt lat="42.58558" lon="-108.30927">
        <ele>1969</ele>
      </trkpt>
      <trkpt lat="42.58571" lon="-108.28439">
        <ele>2055.9</ele>
      </trkpt>
      <trkpt lat="42.58322" lon="-108.27186">
        <ele>2043.7</ele>
      </trkpt>
      <trkpt lat="42.54212" lon="-108.21826">
        <ele>2005.3</ele>
      </trkpt>
      <trkpt lat="42.54426" lon="-108.12686">
        <ele>2044.5</ele>
      </trkpt>
      <trkpt lat="42.51755" lon="-108.01045">
        <ele>1957</ele>
      </trkpt>
      <trkpt lat="42.50946" lon="-107.90383">
        <ele>1950.1</ele>
      </trkpt>
      <trkpt lat="42.49047" lon="-107.80426">
        <ele>1936.7</ele>
      </trkpt>
      <trkpt lat="42.48066" lon="-107.62692">
        <ele>1895.6</ele>
      </trkpt>
      <trkpt lat="42.45049" lon="-107.54301">
        <ele>1909.6</ele>
      </trkpt>
      <trkpt lat="42.40585" lon="-107.49302">
        <ele>1964.5</ele>
      </trkpt>
      <trkpt lat="42.39005" lon="-107.46607">
        <ele>1933.7</ele>
      </trkpt>
      <trkpt lat="42.3635" lon="-107.44475">
        <ele>1907.8</ele>
      </trkpt>
      <trkpt lat="42.33478" lon="-107.46766">
        <ele>1939.6</ele>
      </trkpt>
      <trkpt lat="42.2853" lon="-107.45644">
        <ele>1976.2</ele>
      </trkpt>
      <trkpt lat="42.26445" lon="-107.44265">
        <ele>2017.2</ele>
      </trkpt>
      <trkpt lat="42.25544" lon="-107.4466">
        <ele>2043.2</ele>
      </trkpt>
      <trkpt lat="42.24344" lon="-107.46276">
        <ele>2049.6</ele>
      </trkpt>
      <trkpt lat="42.21878" lon="-107.47414">
        <ele>2017.2</ele>
      </trkpt>
      <trkpt lat="42.16781" lon="-107.43733">
        <ele>1993.9</ele>
      </trkpt>
      <trkpt lat="42.11501" lon="-107.42051">
        <ele>1989.8</ele>
      </trkpt>
      <trkpt lat="42.08031" lon="-107.3967">
        <ele>1979.6</ele>
      </trkpt>
      <trkpt lat="41.96743" lon="-107.35422">
        <ele>2073</ele>
      </trkpt>
      <trkpt lat="41.93843" lon="-107.32928">
        <ele>2163.9</ele>
      </trkpt>
      <trkpt lat="41.92314" lon="-107.30841">
        <ele>2188.4</ele>
      </trkpt>
      <trkpt lat="41.87221" lon="-107.26682">
        <ele>2148</ele>
      </trkpt>
      <trkpt lat="41.81976" lon="-107.22784">
        <ele>2097</ele>
      </trkpt>
      <trkpt lat="41.79269" lon="-107.21386">
        <ele>2041</ele>
      </trkpt>
      <trkpt lat="41.77755" lon="-107.15397">
        <ele>2017.4</ele>
      </trkpt>
      <trkpt lat="41.77985" lon="-107.09139">
        <ele>2008.1</ele>
      </trkpt>
      <trkpt lat="41.77151" lon="-107.08158">
        <ele>2007.8</ele>
      </trkpt>
      <trkpt lat="41.7729" lon="-107.06953">
        <ele>2003.2</ele>
      </trkpt>
      <trkpt lat="41.7449" lon="-106.92457">
        <ele>2011.2</ele>
      </trkpt>
      <trkpt lat="41.73948" lon="-106.82931">
        <ele>2069.8</ele>
      </trkpt>
      <trkpt lat="41.72514" lon="-106.821">
        <ele>2051.1</ele>
      </trkpt>
      <trkpt lat="41.71164" lon="-106.82298">
        <ele>2012.8</ele>
      </trkpt>
      <trkpt lat="41.6929" lon="-106.81082">
        <ele>2076.8</ele>
      </trkpt>
      <trkpt lat="41.6289" lon="-106.81033">
        <ele>2132</ele>
      </trkpt>
      <trkpt lat="41.60415" lon="-106.81799">
        <ele>2107</ele>
      </trkpt>
      <trkpt lat="41.49829" lon="-106.80579">
        <ele>2065.1</ele>
      </trkpt>
      <trkpt lat="41.48095" lon="-106.79981">
        <ele>2071.4</ele>
      </trkpt>
      <trkpt lat="41.44422" lon="-106.80737">
        <ele>2094</ele>
      </trkpt>
      <trkpt lat="41.42331" lon="-106.79443">
        <ele>2101.1</ele>
      </trkpt>
      <trkpt lat="41.38529" lon="-106.75151">
        <ele>2115.7</ele>
      </trkpt>
      <trkpt lat="41.36014" lon="-106.74138">
        <ele>2129.9</ele>
      </trkpt>
      <trkpt lat="41.3522" lon="-106.74601">
        <ele>2144.9</ele>
      </trkpt>
      <trkpt lat="41.29058" lon="-106.75096">
        <ele>2213.3</ele>
      </trkpt>
      <trkpt lat="41.2554" lon="-106.77631">
        <ele>2175.6</ele>
      </trkpt>
      <trkpt lat="41.21734" lon="-106.78241">
        <ele>2184.1</ele>
      </trkpt>
      <trkpt lat="41.21781" lon="-106.68496">
        <ele>2241.6</ele>
      </trkpt>
      <trkpt lat="41.18365" lon="-106.63227">
        <ele>2248.1</ele>
      </trkpt>
      <trkpt lat="41.18063" lon="-106.62">
        <ele>2230.9</ele>
      </trkpt>
      <trkpt lat="41.13415" lon="-106.57267">
        <ele>2463.8</ele>
      </trkpt>
      <trkpt lat="41.12831" lon="-106.56177">
        <ele>2427</ele>
      </trkpt>
      <trkpt lat="41.12649" lon="-106.54502">
        <ele>2344.8</ele>
      </trkpt>
      <trkpt lat="41.10054" lon="-106.51272">
        <ele>2364.5</ele>
      </trkpt>
      <trkpt lat="41.09401" lon="-106.49424">
        <ele>2342.6</ele>
      </trkpt>
      <trkpt lat="41.06996" lon="-106.44768">
        <ele>2366.5</ele>
      </trkpt>
      <trkpt lat="41.03969" lon="-106.4211">
        <ele>2382.9</ele>
      </trkpt>
      <trkpt lat="41.00575" lon="-106.40723">
        <ele>2417.7</ele>
      </trkpt>
      <trkpt lat="40.92579" lon="-106.33142">
        <ele>2448.7</ele>
      </trkpt>
      <trkpt lat="40.91822" lon="-106.30894">
        <ele>2432.9</ele>
      </trkpt>
      <trkpt lat="40.9147" lon="-106.29137">
        <ele>2425.9</ele>
      </trkpt>
      <trkpt lat="40.91599" lon="-106.1759">
        <ele>2853.4</ele>
      </trkpt>
      <trkpt lat="40.90891" lon="-106.1585">
        <ele>2938.6</ele>
      </trkpt>
      <trkpt lat="40.91185" lon="-106.13442">
        <ele>2947.4</ele>
      </trkpt>
      <trkpt lat="40.90959" lon="-106.116">
        <ele>2946.1</ele>
      </trkpt>
      <trkpt lat="40.90536" lon="-106.11224">
        <ele>2910</ele>
      </trkpt>
      <trkpt lat="40.91688" lon="-106.10284">
        <ele>2840.9</ele>
      </trkpt>
      <trkpt lat="40.92319" lon="-106.089699">
        <ele>2807.5</ele>
      </trkpt>
      <trkpt lat="40.920699" lon="-106.08421">
        <ele>2791.1</ele>
      </trkpt>
      <trkpt lat="40.93718" lon="-106.06168">
        <ele>2668.6</ele>
      </trkpt>
      <trkpt lat="40.943399" lon="-106.04549">
        <ele>2550.9</ele>
      </trkpt>
      <trkpt lat="40.94238" lon="-106.01868">
        <ele>2421.2</ele>
      </trkpt>
      <trkpt lat="40.95489" lon="-106.00173">
        <ele>2388.6</ele>
      </trkpt>
      <trkpt lat="40.94568" lon="-105.99854">
        <ele>2411.8</ele>
      </trkpt>
      <trkpt lat="40.94305" lon="-105.98178">
        <ele>2394.1</ele>
      </trkpt>
      <trkpt lat="40.9341" lon="-105.97159">
        <ele>2394.9</ele>
      </trkpt>
      <trkpt lat="40.942459" lon="-105.96829">
        <ele>2443.7</ele>
      </trkpt>
      <trkpt lat="40.92495" lon="-105.94821">
        <ele>2414.2</ele>
      </trkpt>
      <trkpt lat="40.904829" lon="-105.93729">
        <ele>2430.6</ele>
      </trkpt>
      <trkpt lat="40.885599" lon="-105.93392">
        <ele>2443</ele>
      </trkpt>
      <trkpt lat="40.87167" lon="-105.90788">
        <ele>2467.8</ele>
      </trkpt>
      <trkpt lat="40.87257" lon="-105.87604">
        <ele>2554</ele>
      </trkpt>
      <trkpt lat="40.85654" lon="-105.87051">
        <ele>2680.8</ele>
      </trkpt>
      <trkpt lat="40.85045" lon="-105.8644">
        <ele>2738.5</ele>
      </trkpt>
      <trkpt lat="40.853319" lon="-105.85748">
        <ele>2778.7</ele>
      </trkpt>
      <trkpt lat="40.83543" lon="-105.86489">
        <ele>2910.9</ele>
      </trkpt>
      <trkpt lat="40.835949" lon="-105.85881">
        <ele>2929.3</ele>
      </trkpt>
      <trkpt lat="40.836889" lon="-105.85462">
        <ele>2983.2</ele>
      </trkpt>
      <trkpt lat="40.82645" lon="-105.85511">
        <ele>3051.4</ele>
      </trkpt>
      <trkpt lat="40.82564" lon="-105.842">
        <ele>3114.9</ele>
      </trkpt>
      <trkpt lat="40.81847" lon="-105.836789">
        <ele>3144</ele>
      </trkpt>
      <trkpt lat="40.81997" lon="-105.81637">
        <ele>3065.6</ele>
      </trkpt>
      <trkpt lat="40.81372" lon="-105.8089">
        <ele>3043.2</ele>
      </trkpt>
      <trkpt lat="40.80697" lon="-105.79245">
        <ele>3075.5</ele>
      </trkpt>
      <trkpt lat="40.80665" lon="-105.76732">
        <ele>3119</ele>
      </trkpt>
      <trkpt lat="40.80309" lon="-105.75587">
        <ele>3044</ele>
      </trkpt>
      <trkpt lat="40.79972" lon="-105.75639">
        <ele>3006</ele>
      </trkpt>
      <trkpt lat="40.81179" lon="-105.733279">
        <ele>2874.6</ele>
      </trkpt>
      <trkpt lat="40.81544" lon="-105.70154">
        <ele>2824.7</ele>
      </trkpt>
      <trkpt lat="40.81063" lon="-105.69367">
        <ele>2834.1</ele>
      </trkpt>
      <trkpt lat="40.81226" lon="-105.68706">
        <ele>2869.5</ele>
      </trkpt>
      <trkpt lat="40.80887" lon="-105.67008">
        <ele>2845.2</ele>
      </trkpt>
      <trkpt lat="40.80403" lon="-105.66698">
        <ele>2795.9</ele>
      </trkpt>
      <trkpt lat="40.791939" lon="-105.59949">
        <ele>2540.7</ele>
      </trkpt>
      <trkpt lat="40.75148" lon="-105.61672">
        <ele>2649.5</ele>
      </trkpt>
      <trkpt lat="40.733759" lon="-105.59097">
        <ele>2528.3</ele>
      </trkpt>
      <trkpt lat="40.73523" lon="-105.580879">
        <ele>2482.4</ele>
      </trkpt>
      <trkpt lat="40.72663" lon="-105.58259">
        <ele>2537.3</ele>
      </trkpt>
      <trkpt lat="40.72117" lon="-105.59138">
        <ele>2424.2</ele>
      </trkpt>
      <trkpt lat="40.69954" lon="-105.5808">
        <ele>2186.1</ele>
      </trkpt>
      <trkpt lat="40.7003" lon="-105.545869">
        <ele>2143.5</ele>
      </trkpt>
      <trkpt lat="40.690959" lon="-105.51586">
        <ele>2104.9</ele>
      </trkpt>
      <trkpt lat="40.69103" lon="-105.489009">
        <ele>2069.7</ele>
      </trkpt>
      <trkpt lat="40.67427" lon="-105.47796">
        <ele>2044.7</ele>
      </trkpt>
      <trkpt lat="40.68372" lon="-105.46766">
        <ele>2026.8</ele>
      </trkpt>
      <trkpt lat="40.68048" lon="-105.45634">
        <ele>2015.8</ele>
      </trkpt>
      <trkpt lat="40.68627" lon="-105.44816">
        <ele>2006.5</ele>
      </trkpt>
      <trkpt lat="40.69475" lon="-105.45143">
        <ele>1992.6</ele>
      </trkpt>
      <trkpt lat="40.69803" lon="-105.44253">
        <ele>1981.9</ele>
      </trkpt>
      <trkpt lat="40.69016" lon="-105.43111">
        <ele>1970.6</ele>
      </trkpt>
      <trkpt lat="40.68118" lon="-105.43537">
        <ele>1957.8</ele>
      </trkpt>
      <trkpt lat="40.67498" lon="-105.42905">
        <ele>1933</ele>
      </trkpt>
      <trkpt lat="40.67416" lon="-105.41788">
        <ele>1907.3</ele>
      </trkpt>
      <trkpt lat="40.683169" lon="-105.41">
        <ele>1863.5</ele>
      </trkpt>
      <trkpt lat="40.68266" lon="-105.38934">
        <ele>1847.7</ele>
      </trkpt>
      <trkpt lat="40.65321" lon="-105.37231">
        <ele>2132.3</ele>
      </trkpt>
      <trkpt lat="40.61915" lon="-105.35713">
        <ele>2234.6</ele>
      </trkpt>
      <trkpt lat="40.623399" lon="-105.33168">
        <ele>2438.4</ele>
      </trkpt>
      <trkpt lat="40.62623" lon="-105.33284">
        <ele>2409.6</ele>
      </trkpt>
      <trkpt lat="40.6358" lon="-105.32118">
        <ele>2301.1</ele>
      </trkpt>
      <trkpt lat="40.64318" lon="-105.30748">
        <ele>2183.3</ele>
      </trkpt>
      <trkpt lat="40.64556" lon="-105.28358">
        <ele>2075.2</ele>
      </trkpt>
      <trkpt lat="40.631369" lon="-105.26084">
        <ele>1961.7</ele>
      </trkpt>
      <trkpt lat="40.626399" lon="-105.22207">
        <ele>1762.3</ele>
      </trkpt>
      <trkpt lat="40.62839" lon="-105.21214">
        <ele>1702.5</ele>
      </trkpt>
      <trkpt lat="40.63425" lon="-105.208969">
        <ele>1669.2</ele>
      </trkpt>
      <trkpt lat="40.63352" lon="-105.18841">
        <ele>1613.7</ele>
      </trkpt>
      <trkpt lat="40.62957" lon="-105.18168">
        <ele>1583.1</ele>
      </trkpt>
      <trkpt lat="40.63314" lon="-105.1619">
        <ele>1557.6</ele>
      </trkpt>
      <trkpt lat="40.6299" lon="-105.14678">
        <ele>1547.3</ele>
      </trkpt>
      <trkpt lat="40.618" lon="-105.13632">
        <ele>1538.7</ele>
      </trkpt>
      <trkpt lat="40.60764" lon="-105.11667">
        <ele>1530.3</ele>
      </trkpt>
      <trkpt lat="40.60742" lon="-105.10464">
        <ele>1522.7</ele>
      </trkpt>
      <trkpt lat="40.59705" lon="-105.08238">
        <ele>1513.9</ele>
      </trkpt>
      <trkpt lat="40.5829" lon="-105.08431">
        <ele>1524.3</ele>
      </trkpt>
      <trkpt lat="40.582859" lon="-105.07887">
        <ele>1523.1</ele>
      </trkpt>
      <trkpt lat="40.57307" lon="-105.07849">
        <ele>1524.3</ele>
      </trkpt>
      <trkpt lat="40.51412" lon="-105.0808">
        <ele>1521.6</ele>
      </trkpt>
      <trkpt lat="40.51306" lon="-105.07241">
        <ele>1502.7</ele>
      </trkpt>
      <trkpt lat="40.50209" lon="-105.05767">
        <ele>1499.9</ele>
      </trkpt>
      <trkpt lat="40.4947" lon="-105.05805">
        <ele>1496.3</ele>
      </trkpt>
      <trkpt lat="40.4948" lon="-105.05194">
        <ele>1491.6</ele>
      </trkpt>
      <trkpt lat="40.47966" lon="-105.05706">
        <ele>1506.5</ele>
      </trkpt>
      <trkpt lat="40.4836" lon="-105.029">
        <ele>1488.5</ele>
      </trkpt>
      <trkpt lat="40.47945" lon="-104.98873">
        <ele>1494.8</ele>
      </trkpt>
      <trkpt lat="40.48668" lon="-104.98499">
        <ele>1473.6</ele>
      </trkpt>
      <trkpt lat="40.486379" lon="-104.962549">
        <ele>1464</ele>
      </trkpt>
      <trkpt lat="40.47966" lon="-104.96004">
        <ele>1466.2</ele>
      </trkpt>
      <trkpt lat="40.47057" lon="-104.93615">
        <ele>1459.8</ele>
      </trkpt>
      <trkpt lat="40.45958" lon="-104.92569">
        <ele>1460.1</ele>
      </trkpt>
      <trkpt lat="40.45897" lon="-104.91236">
        <ele>1452.7</ele>
      </trkpt>
      <trkpt lat="40.46331" lon="-104.90734">
        <ele>1451.9</ele>
      </trkpt>
      <trkpt lat="40.45901" lon="-104.89907">
        <ele>1450.6</ele>
      </trkpt>
      <trkpt lat="40.46102" lon="-104.88984">
        <ele>1452.4</ele>
      </trkpt>
      <trkpt lat="40.44908" lon="-104.88808">
        <ele>1447.8</ele>
      </trkpt>
      <trkpt lat="40.44141" lon="-104.87938">
        <ele>1445.4</ele>
      </trkpt>
      <trkpt lat="40.44072" lon="-104.86784">
        <ele>1442.6</ele>
      </trkpt>
      <trkpt lat="40.44585" lon="-104.86474">
        <ele>1442.8</ele>
      </trkpt>
      <trkpt lat="40.4412" lon="-104.85599">
        <ele>1442.4</ele>
      </trkpt>
      <trkpt lat="40.43998" lon="-104.8323">
        <ele>1441.4</ele>
      </trkpt>
      <trkpt lat="40.440779" lon="-104.81125">
        <ele>1437.9</ele>
      </trkpt>
      <trkpt lat="40.4421" lon="-104.78953">
        <ele>1433.2</ele>
      </trkpt>
      <trkpt lat="40.44704" lon="-104.78276">
        <ele>1431.3</ele>
      </trkpt>
      <trkpt lat="40.44562" lon="-104.77325">
        <ele>1430.4</ele>
      </trkpt>
      <trkpt lat="40.43938" lon="-104.76824">
        <ele>1431.8</ele>
      </trkpt>
      <trkpt lat="40.44204" lon="-104.75762">
        <ele>1428.6</ele>
      </trkpt>
      <trkpt lat="40.45106" lon="-104.75492">
        <ele>1426.8</ele>
      </trkpt>
      <trkpt lat="40.4489" lon="-104.721279">
        <ele>1421</ele>
      </trkpt>
      <trkpt lat="40.4524" lon="-104.72104">
        <ele>1422.8</ele>
      </trkpt>
      <trkpt lat="40.45209" lon="-104.71633">
        <ele>1423.5</ele>
      </trkpt>
      <trkpt lat="40.46652" lon="-104.71596">
        <ele>1438</ele>
      </trkpt>
      <trkpt lat="40.46411" lon="-104.60187">
        <ele>1425.3</ele>
      </trkpt>
      <trkpt lat="40.5221" lon="-104.601519">
        <ele>1462</ele>
      </trkpt>
      <trkpt lat="40.523" lon="-104.42902">
        <ele>1437.9</ele>
      </trkpt>
      <trkpt lat="40.52592" lon="-104.41018">
        <ele>1437.4</ele>
      </trkpt>
      <trkpt lat="40.56691" lon="-104.35959">
        <ele>1455.7</ele>
      </trkpt>
      <trkpt lat="40.56749" lon="-103.82153">
        <ele>1460.7</ele>
      </trkpt>
      <trkpt lat="40.58223" lon="-103.82124">
        <ele>1452.9</ele>
      </trkpt>
      <trkpt lat="40.58159" lon="-103.54366">
        <ele>1362.1</ele>
      </trkpt>
      <trkpt lat="40.55244" lon="-103.54341">
        <ele>1377.9</ele>
      </trkpt>
      <trkpt lat="40.55138" lon="-103.32472">
        <ele>1246.5</ele>
      </trkpt>
      <trkpt lat="40.54414" lon="-103.32322">
        <ele>1247.7</ele>
      </trkpt>
      <trkpt lat="40.54417" lon="-103.27588">
        <ele>1217.5</ele>
      </trkpt>
      <trkpt lat="40.57311" lon="-103.27714">
        <ele>1222</ele>
      </trkpt>
      <trkpt lat="40.57335" lon="-103.25806">
        <ele>1219.2</ele>
      </trkpt>
      <trkpt lat="40.59535" lon="-103.25842">
        <ele>1210.8</ele>
      </trkpt>
      <trkpt lat="40.59586" lon="-103.2259">
        <ele>1207.5</ele>
      </trkpt>
      <trkpt lat="40.6196" lon="-103.2149">
        <ele>1201.6</ele>
      </trkpt>
      <trkpt lat="40.62618" lon="-103.20666">
        <ele>1199.3</ele>
      </trkpt>
      <trkpt lat="40.61833" lon="-103.18621">
        <ele>1197</ele>
      </trkpt>
      <trkpt lat="40.62226" lon="-103.16914">
        <ele>1211.7</ele>
      </trkpt>
      <trkpt lat="40.61592" lon="-103.16414">
        <ele>1226.1</ele>
      </trkpt>
      <trkpt lat="40.59802" lon="-103.10737">
        <ele>1280.4</ele>
      </trkpt>
      <trkpt lat="40.59818" lon="-103.06686">
        <ele>1305.4</ele>
      </trkpt>
      <trkpt lat="40.584069" lon="-103.04059">
        <ele>1336.6</ele>
      </trkpt>
      <trkpt lat="40.58584" lon="-102.3214">
        <ele>1140.9</ele>
      </trkpt>
      <trkpt lat="40.58053" lon="-102.32137">
        <ele>1146.7</ele>
      </trkpt>
      <trkpt lat="40.57846" lon="-102.31188">
        <ele>1141.1</ele>
      </trkpt>
      <trkpt lat="40.57838" lon="-102.28298">
        <ele>1137.4</ele>
      </trkpt>
      <trkpt lat="40.5565" lon="-102.28274">
        <ele>1140.2</ele>
      </trkpt>
      <trkpt lat="40.55652" lon="-102.0515">
        <ele>1088</ele>
      </trkpt>
      <trkpt lat="40.5526" lon="-102.05152">
        <ele>1086.1</ele>
      </trkpt>
      <trkpt lat="40.55229" lon="-101.99914">
        <ele>1076.3</ele>
      </trkpt>
      <trkpt lat="40.53714" lon="-101.96689">
        <ele>1067.2</ele>
      </trkpt>
      <trkpt lat="40.53764" lon="-101.66667">
        <ele>1009</ele>
      </trkpt>
      <trkpt lat="40.52324" lon="-101.66645">
        <ele>1006.2</ele>
      </trkpt>
      <trkpt lat="40.521009" lon="-101.64756">
        <ele>1003.2</ele>
      </trkpt>
      <trkpt lat="40.50884" lon="-101.64312">
        <ele>1000.5</ele>
      </trkpt>
      <trkpt lat="40.509099" lon="-101.63333">
        <ele>999.8</ele>
      </trkpt>
      <trkpt lat="40.49433" lon="-101.59549">
        <ele>992.2</ele>
      </trkpt>
      <trkpt lat="40.49527" lon="-101.46558">
        <ele>1001.3</ele>
      </trkpt>
      <trkpt lat="40.48782" lon="-101.44902">
        <ele>1000.4</ele>
      </trkpt>
      <trkpt lat="40.48737" lon="-101.4121">
        <ele>1009</ele>
      </trkpt>
      <trkpt lat="40.46578" lon="-101.40661">
        <ele>994.9</ele>
      </trkpt>
      <trkpt lat="40.4393" lon="-101.38506">
        <ele>982.4</ele>
      </trkpt>
      <trkpt lat="40.43525" lon="-101.37566">
        <ele>941.8</ele>
      </trkpt>
      <trkpt lat="40.41633" lon="-101.37269">
        <ele>900.7</ele>
      </trkpt>
      <trkpt lat="40.411679" lon="-101.36684">
        <ele>903.3</ele>
      </trkpt>
      <trkpt lat="40.40987" lon="-101.34067">
        <ele>887.5</ele>
      </trkpt>
      <trkpt lat="40.37997" lon="-101.23178">
        <ele>860.6</ele>
      </trkpt>
      <trkpt lat="40.36988" lon="-101.17365">
        <ele>857.1</ele>
      </trkpt>
      <trkpt lat="40.35137" lon="-101.13253">
        <ele>841.3</ele>
      </trkpt>
      <trkpt lat="40.3509" lon="-101.11439">
        <ele>842.3</ele>
      </trkpt>
      <trkpt lat="40.32283" lon="-101.05299">
        <ele>832.1</ele>
      </trkpt>
      <trkpt lat="40.30059" lon="-101.02815">
        <ele>825.5</ele>
      </trkpt>
      <trkpt lat="40.26537" lon="-100.93234">
        <ele>807.4</ele>
      </trkpt>
      <trkpt lat="40.23473" lon="-100.88807">
        <ele>796</ele>
      </trkpt>
      <trkpt lat="40.23439" lon="-100.80613">
        <ele>783.6</ele>
      </trkpt>
      <trkpt lat="40.20138" lon="-100.69157">
        <ele>764.4</ele>
      </trkpt>
      <trkpt lat="40.19644" lon="-100.65076">
        <ele>767.8</ele>
      </trkpt>
      <trkpt lat="40.20081" lon="-100.63563">
        <ele>785.3</ele>
      </trkpt>
      <trkpt lat="40.19937" lon="-100.58">
        <ele>759.3</ele>
      </trkpt>
      <trkpt lat="40.21532" lon="-100.53758">
        <ele>745</ele>
      </trkpt>
      <trkpt lat="40.234969" lon="-100.50629">
        <ele>738.5</ele>
      </trkpt>
      <trkpt lat="40.23321" lon="-100.41683">
        <ele>724.8</ele>
      </trkpt>
      <trkpt lat="40.24087" lon="-100.3853">
        <ele>722.7</ele>
      </trkpt>
      <trkpt lat="40.24598" lon="-100.33116">
        <ele>712.7</ele>
      </trkpt>
      <trkpt lat="40.25121" lon="-100.29622">
        <ele>710.9</ele>
      </trkpt>
      <trkpt lat="40.28085" lon="-100.17418">
        <ele>691.3</ele>
      </trkpt>
      <trkpt lat="40.287529" lon="-100.11753">
        <ele>686.1</ele>
      </trkpt>
      <trkpt lat="40.30708" lon="-100.04772">
        <ele>698.4</ele>
      </trkpt>
      <trkpt lat="40.3063" lon="-99.89769">
        <ele>664.8</ele>
      </trkpt>
      <trkpt lat="40.24807" lon="-99.89812">
        <ele>681.8</ele>
      </trkpt>
      <trkpt lat="40.14675" lon="-99.89482">
        <ele>698.8</ele>
      </trkpt>
      <trkpt lat="39.98691" lon="-99.88906">
        <ele>706.9</ele>
      </trkpt>
      <trkpt lat="39.98704" lon="-99.83203">
        <ele>709.3</ele>
      </trkpt>
      <trkpt lat="39.97263" lon="-99.83197">
        <ele>721.4</ele>
      </trkpt>
      <trkpt lat="39.97263" lon="-99.738159">
        <ele>710.8</ele>
      </trkpt>
      <trkpt lat="39.95818" lon="-99.73836">
        <ele>699.9</ele>
      </trkpt>
      <trkpt lat="39.95841" lon="-99.62612">
        <ele>673.5</ele>
      </trkpt>
      <trkpt lat="39.94401" lon="-99.62621">
        <ele>667.6</ele>
      </trkpt>
      <trkpt lat="39.94406" lon="-99.53399">
        <ele>632.3</ele>
      </trkpt>
      <trkpt lat="39.93682" lon="-99.53392">
        <ele>637.9</ele>
      </trkpt>
      <trkpt lat="39.92968" lon="-99.50631">
        <ele>668.6</ele>
      </trkpt>
      <trkpt lat="39.90085" lon="-99.50579">
        <ele>696.3</ele>
      </trkpt>
      <trkpt lat="39.9009" lon="-99.16086">
        <ele>620.7</ele>
      </trkpt>
      <trkpt lat="39.85875" lon="-99.16058">
        <ele>619.8</ele>
      </trkpt>
      <trkpt lat="39.85755" lon="-99.14188">
        <ele>597.1</ele>
      </trkpt>
      <trkpt lat="39.82871" lon="-99.14187">
        <ele>597.6</ele>
      </trkpt>
      <trkpt lat="39.82856" lon="-98.80476">
        <ele>558.1</ele>
      </trkpt>
      <trkpt lat="39.8141" lon="-98.80471">
        <ele>539.3</ele>
      </trkpt>
      <trkpt lat="39.81372" lon="-98.32482">
        <ele>538.6</ele>
      </trkpt>
      <trkpt lat="39.79939" lon="-98.32469">
        <ele>535.1</ele>
      </trkpt>
      <trkpt lat="39.79933" lon="-98.2315">
        <ele>548.4</ele>
      </trkpt>
      <trkpt lat="39.7885" lon="-98.23146">
        <ele>562.1</ele>
      </trkpt>
      <trkpt lat="39.78796" lon="-98.21001">
        <ele>541.8</ele>
      </trkpt>
      <trkpt lat="39.795319" lon="-98.20996">
        <ele>549.4</ele>
      </trkpt>
      <trkpt lat="39.79904" lon="-98.20255">
        <ele>545.3</ele>
      </trkpt>
      <trkpt lat="39.79915" lon="-98.12014">
        <ele>545</ele>
      </trkpt>
      <trkpt lat="39.81364" lon="-98.12015">
        <ele>555.8</ele>
      </trkpt>
      <trkpt lat="39.81324" lon="-98.0639">
        <ele>492.8</ele>
      </trkpt>
      <trkpt lat="39.80379" lon="-98.06387">
        <ele>494</ele>
      </trkpt>
      <trkpt lat="39.8035" lon="-98.05464">
        <ele>480.3</ele>
      </trkpt>
      <trkpt lat="39.79862" lon="-98.05447">
        <ele>481</ele>
      </trkpt>
      <trkpt lat="39.7984" lon="-98.00808">
        <ele>462</ele>
      </trkpt>
      <trkpt lat="39.7839" lon="-98.00652">
        <ele>455.1</ele>
      </trkpt>
      <trkpt lat="39.78422" lon="-97.821119">
        <ele>457.5</ele>
      </trkpt>
      <trkpt lat="39.79418" lon="-97.81466">
        <ele>447.1</ele>
      </trkpt>
      <trkpt lat="39.795" lon="-97.80087">
        <ele>437.8</ele>
      </trkpt>
      <trkpt lat="39.79866" lon="-97.80089">
        <ele>439.1</ele>
      </trkpt>
      <trkpt lat="39.80096" lon="-97.75728">
        <ele>448.9</ele>
      </trkpt>
      <trkpt lat="39.79862" lon="-97.744649">
        <ele>464.7</ele>
      </trkpt>
      <trkpt lat="39.78409" lon="-97.74458">
        <ele>456</ele>
      </trkpt>
      <trkpt lat="39.78358" lon="-97.63312">
        <ele>454.9</ele>
      </trkpt>
      <trkpt lat="39.79798" lon="-97.6332">
        <ele>448.2</ele>
      </trkpt>
      <trkpt lat="39.79817" lon="-97.58533">
        <ele>439.9</ele>
      </trkpt>
      <trkpt lat="39.78379" lon="-97.58528">
        <ele>433.1</ele>
      </trkpt>
      <trkpt lat="39.7846" lon="-97.16177">
        <ele>436.5</ele>
      </trkpt>
      <trkpt lat="39.7991" lon="-97.16181">
        <ele>434</ele>
      </trkpt>
      <trkpt lat="39.7989" lon="-97.07248">
        <ele>410</ele>
      </trkpt>
      <trkpt lat="39.81356" lon="-97.07332">
        <ele>396.6</ele>
      </trkpt>
      <trkpt lat="39.8136" lon="-97.05841">
        <ele>400.5</ele>
      </trkpt>
      <trkpt lat="39.817459" lon="-97.05129">
        <ele>403.5</ele>
      </trkpt>
      <trkpt lat="39.82799" lon="-97.04884">
        <ele>408.1</ele>
      </trkpt>
      <trkpt lat="39.82778" lon="-97.01731">
        <ele>393.9</ele>
      </trkpt>
      <trkpt lat="39.83504" lon="-97.01697">
        <ele>396.6</ele>
      </trkpt>
      <trkpt lat="39.83469" lon="-96.97496">
        <ele>419.5</ele>
      </trkpt>
      <trkpt lat="39.84199" lon="-96.97492">
        <ele>424.2</ele>
      </trkpt>
      <trkpt lat="39.841769" lon="-96.90042">
        <ele>369.6</ele>
      </trkpt>
      <trkpt lat="39.83203" lon="-96.90045">
        <ele>369</ele>
      </trkpt>
      <trkpt lat="39.84319" lon="-96.87729">
        <ele>378.8</ele>
      </trkpt>
      <trkpt lat="39.85646" lon="-96.86944">
        <ele>382.6</ele>
      </trkpt>
      <trkpt lat="39.85652" lon="-96.67648">
        <ele>368.5</ele>
      </trkpt>
      <trkpt lat="39.84943" lon="-96.67606">
        <ele>379.2</ele>
      </trkpt>
      <trkpt lat="39.84928" lon="-96.666749">
        <ele>366</ele>
      </trkpt>
      <trkpt lat="39.842329" lon="-96.665899">
        <ele>357.8</ele>
      </trkpt>
      <trkpt lat="39.83457" lon="-96.61017">
        <ele>383.3</ele>
      </trkpt>
      <trkpt lat="39.81588" lon="-96.61005">
        <ele>363.2</ele>
      </trkpt>
      <trkpt lat="39.81279" lon="-96.6054">
        <ele>373.5</ele>
      </trkpt>
      <trkpt lat="39.81281" lon="-96.53927">
        <ele>389.2</ele>
      </trkpt>
      <trkpt lat="39.79827" lon="-96.53907">
        <ele>411</ele>
      </trkpt>
      <trkpt lat="39.79781" lon="-96.46475">
        <ele>365.6</ele>
      </trkpt>
      <trkpt lat="39.76906" lon="-96.45806">
        <ele>357.2</ele>
      </trkpt>
      <trkpt lat="39.76948" lon="-96.35136">
        <ele>378.8</ele>
      </trkpt>
      <trkpt lat="39.75503" lon="-96.35138">
        <ele>381.2</ele>
      </trkpt>
      <trkpt lat="39.75491" lon="-96.29612">
        <ele>371.8</ele>
      </trkpt>
      <trkpt lat="39.74049" lon="-96.29595">
        <ele>356.6</ele>
      </trkpt>
      <trkpt lat="39.7403" lon="-96.27723">
        <ele>365.3</ele>
      </trkpt>
      <trkpt lat="39.71823" lon="-96.277">
        <ele>375.5</ele>
      </trkpt>
      <trkpt lat="39.7181" lon="-96.21997">
        <ele>382</ele>
      </trkpt>
      <trkpt lat="39.70375" lon="-96.21987">
        <ele>387.5</ele>
      </trkpt>
      <trkpt lat="39.70388" lon="-96.1918">
        <ele>401.8</ele>
      </trkpt>
      <trkpt lat="39.69666" lon="-96.19175">
        <ele>398.3</ele>
      </trkpt>
      <trkpt lat="39.696689" lon="-96.18247">
        <ele>394.8</ele>
      </trkpt>
      <trkpt lat="39.66772" lon="-96.18247">
        <ele>416.3</ele>
      </trkpt>
      <trkpt lat="39.66769" lon="-96.0909">
        <ele>402.4</ele>
      </trkpt>
      <trkpt lat="39.66044" lon="-96.08767">
        <ele>411.8</ele>
      </trkpt>
      <trkpt lat="39.65852" lon="-96.03082">
        <ele>415.3</ele>
      </trkpt>
      <trkpt lat="39.66038" lon="-96.014259">
        <ele>404.8</ele>
      </trkpt>
      <trkpt lat="39.66746" lon="-96.01429">
        <ele>412.9</ele>
      </trkpt>
      <trkpt lat="39.66761" lon="-95.76038">
        <ele>360.9</ele>
      </trkpt>
      <trkpt lat="39.66048" lon="-95.76038">
        <ele>355.8</ele>
      </trkpt>
      <trkpt lat="39.66029" lon="-95.72809">
        <ele>353.4</ele>
      </trkpt>
      <trkpt lat="39.65302" lon="-95.72759">
        <ele>349.3</ele>
      </trkpt>
      <trkpt lat="39.65296" lon="-95.65796">
        <ele>341.8</ele>
      </trkpt>
      <trkpt lat="39.63841" lon="-95.65785">
        <ele>324.9</ele>
      </trkpt>
      <trkpt lat="39.63842" lon="-95.63919">
        <ele>310</ele>
      </trkpt>
      <trkpt lat="39.62399" lon="-95.639259">
        <ele>339.4</ele>
      </trkpt>
      <trkpt lat="39.62397" lon="-95.58287">
        <ele>314.4</ele>
      </trkpt>
      <trkpt lat="39.60945" lon="-95.58308">
        <ele>305.9</ele>
      </trkpt>
      <trkpt lat="39.609229" lon="-95.50843">
        <ele>318.4</ele>
      </trkpt>
      <trkpt lat="39.59476" lon="-95.50821">
        <ele>317.7</ele>
      </trkpt>
      <trkpt lat="39.59474" lon="-95.19046">
        <ele>298.2</ele>
      </trkpt>
      <trkpt lat="39.58758" lon="-95.19066">
        <ele>283.4</ele>
      </trkpt>
      <trkpt lat="39.58735" lon="-95.18387">
        <ele>276.2</ele>
      </trkpt>
      <trkpt lat="39.57294" lon="-95.17117">
        <ele>316.3</ele>
      </trkpt>
      <trkpt lat="39.57285" lon="-95.16362">
        <ele>312.2</ele>
      </trkpt>
      <trkpt lat="39.56013" lon="-95.15259">
        <ele>289.4</ele>
      </trkpt>
      <trkpt lat="39.56298" lon="-95.12046">
        <ele>246.5</ele>
      </trkpt>
      <trkpt lat="39.55971" lon="-95.12053">
        <ele>246.7</ele>
      </trkpt>
      <trkpt lat="39.55713" lon="-95.10512">
        <ele>240.8</ele>
      </trkpt>
      <trkpt lat="39.55661" lon="-95.04525">
        <ele>241.5</ele>
      </trkpt>
      <trkpt lat="39.55368" lon="-95.04446">
        <ele>249.3</ele>
      </trkpt>
      <trkpt lat="39.556199" lon="-95.00328">
        <ele>269.1</ele>
      </trkpt>
      <trkpt lat="39.5441" lon="-95.00287">
        <ele>264</ele>
      </trkpt>
      <trkpt lat="39.54002" lon="-94.991159">
        <ele>272.7</ele>
      </trkpt>
      <trkpt lat="39.5343" lon="-94.98753">
        <ele>292.8</ele>
      </trkpt>
      <trkpt lat="39.531149" lon="-94.97029">
        <ele>311.6</ele>
      </trkpt>
      <trkpt lat="39.51858" lon="-94.95871">
        <ele>334.3</ele>
      </trkpt>
      <trkpt lat="39.50506" lon="-94.95616">
        <ele>325.4</ele>
      </trkpt>
      <trkpt lat="39.50377" lon="-94.94891">
        <ele>331</ele>
      </trkpt>
      <trkpt lat="39.46083" lon="-94.9472">
        <ele>280.6</ele>
      </trkpt>
      <trkpt lat="39.4373" lon="-94.93275">
        <ele>244.5</ele>
      </trkpt>
      <trkpt lat="39.41175" lon="-94.90277">
        <ele>235.5</ele>
      </trkpt>
      <trkpt lat="39.36722" lon="-94.86944">
        <ele>234.8</ele>
      </trkpt>
      <trkpt lat="39.36765" lon="-94.84461">
        <ele>281.9</ele>
      </trkpt>
      <trkpt lat="39.34645" lon="-94.84433">
        <ele>295.9</ele>
      </trkpt>
      <trkpt lat="39.34643" lon="-94.82645">
        <ele>281.9</ele>
      </trkpt>
      <trkpt lat="39.33217" lon="-94.82578">
        <ele>258.8</ele>
      </trkpt>
      <trkpt lat="39.33241" lon="-94.81832">
        <ele>264.6</ele>
      </trkpt>
      <trkpt lat="39.33912" lon="-94.80988">
        <ele>237</ele>
      </trkpt>
      <trkpt lat="39.33769" lon="-94.73297">
        <ele>297.8</ele>
      </trkpt>
      <trkpt lat="39.34062" lon="-94.73298">
        <ele>288.8</ele>
      </trkpt>
      <trkpt lat="39.33185" lon="-94.715819">
        <ele>295.8</ele>
      </trkpt>
      <trkpt lat="39.33231" lon="-94.69562">
        <ele>273.4</ele>
      </trkpt>
      <trkpt lat="39.32558" lon="-94.69571">
        <ele>282</ele>
      </trkpt>
      <trkpt lat="39.32518" lon="-94.66809">
        <ele>275.8</ele>
      </trkpt>
      <trkpt lat="39.27434" lon="-94.66764">
        <ele>315</ele>
      </trkpt>
      <trkpt lat="39.27255" lon="-94.67133">
        <ele>319.8</ele>
      </trkpt>
      <trkpt lat="39.25955" lon="-94.66804">
        <ele>319.1</ele>
      </trkpt>
      <trkpt lat="39.26129" lon="-94.65873">
        <ele>319.7</ele>
      </trkpt>
      <trkpt lat="39.25498" lon="-94.65203">
        <ele>326.8</ele>
      </trkpt>
      <trkpt lat="39.25366" lon="-94.61741">
        <ele>311.9</ele>
      </trkpt>
      <trkpt lat="39.21855" lon="-94.62064">
        <ele>252.1</ele>
      </trkpt>
      <trkpt lat="39.19437" lon="-94.60909">
        <ele>232.2</ele>
      </trkpt>
      <trkpt lat="39.17956" lon="-94.611189">
        <ele>229.2</ele>
      </trkpt>
      <trkpt lat="39.17826" lon="-94.60711">
        <ele>231.4</ele>
      </trkpt>
      <trkpt lat="39.17434" lon="-94.61161">
        <ele>234.7</ele>
      </trkpt>
      <trkpt lat="39.17344" lon="-94.60312">
        <ele>280.2</ele>
      </trkpt>
      <trkpt lat="39.16847" lon="-94.60395">
        <ele>231.1</ele>
      </trkpt>
      <trkpt lat="39.16649" lon="-94.59875">
        <ele>230.1</ele>
      </trkpt>
      <trkpt lat="39.17105" lon="-94.58949">
        <ele>284.2</ele>
      </trkpt>
      <trkpt lat="39.16771" lon="-94.57677">
        <ele>265.9</ele>
      </trkpt>
      <trkpt lat="39.12595" lon="-94.58038">
        <ele>225.7</ele>
      </trkpt>
      <trkpt lat="39.10083" lon="-94.57388">
        <ele>276.1</ele>
      </trkpt>
      <trkpt lat="39.09992" lon="-94.51445">
        <ele>249</ele>
      </trkpt>
      <trkpt lat="39.0969" lon="-94.49127">
        <ele>225.7</ele>
      </trkpt>
      <trkpt lat="39.09277" lon="-94.48611">
        <ele>236.3</ele>
      </trkpt>
      <trkpt lat="39.09503" lon="-94.467519">
        <ele>246.3</ele>
      </trkpt>
      <trkpt lat="39.08791" lon="-94.45083">
        <ele>276.8</ele>
      </trkpt>
      <trkpt lat="39.08649" lon="-94.41593">
        <ele>310.3</ele>
      </trkpt>
      <trkpt lat="39.0815" lon="-94.41553">
        <ele>312.9</ele>
      </trkpt>
      <trkpt lat="39.08001" lon="-94.39991">
        <ele>291.4</ele>
      </trkpt>
      <trkpt lat="39.07452" lon="-94.39807">
        <ele>293</ele>
      </trkpt>
      <trkpt lat="39.07397" lon="-94.39084">
        <ele>291.3</ele>
      </trkpt>
      <trkpt lat="39.070659" lon="-94.39096">
        <ele>282.7</ele>
      </trkpt>
      <trkpt lat="39.06318" lon="-94.37526">
        <ele>251.7</ele>
      </trkpt>
      <trkpt lat="39.061929" lon="-94.34141">
        <ele>229.2</ele>
      </trkpt>
      <trkpt lat="39.05397" lon="-94.34455">
        <ele>233.7</ele>
      </trkpt>
      <trkpt lat="39.04509" lon="-94.34068">
        <ele>231.2</ele>
      </trkpt>
      <trkpt lat="39.04613" lon="-94.31712">
        <ele>268.2</ele>
      </trkpt>
      <trkpt lat="39.03725" lon="-94.30555">
        <ele>280.3</ele>
      </trkpt>
      <trkpt lat="39.03527" lon="-94.17405">
        <ele>232.5</ele>
      </trkpt>
      <trkpt lat="39.04231" lon="-94.17321">
        <ele>234</ele>
      </trkpt>
      <trkpt lat="39.0498" lon="-94.16878">
        <ele>252.5</ele>
      </trkpt>
      <trkpt lat="39.04802" lon="-94.11877">
        <ele>225.7</ele>
      </trkpt>
      <trkpt lat="39.05127" lon="-94.11771">
        <ele>238.7</ele>
      </trkpt>
      <trkpt lat="39.0509" lon="-94.10878">
        <ele>226.9</ele>
      </trkpt>
      <trkpt lat="39.05505" lon="-94.10843">
        <ele>233.9</ele>
      </trkpt>
      <trkpt lat="39.05478" lon="-94.09459">
        <ele>228.4</ele>
      </trkpt>
      <trkpt lat="39.07672" lon="-94.09229">
        <ele>242.9</ele>
      </trkpt>
      <trkpt lat="39.0737" lon="-93.97514">
        <ele>236.3</ele>
      </trkpt>
      <trkpt lat="39.08011" lon="-93.9539">
        <ele>255</ele>
      </trkpt>
      <trkpt lat="39.07474" lon="-93.7884">
        <ele>228.9</ele>
      </trkpt>
      <trkpt lat="39.0781" lon="-93.777469">
        <ele>216.7</ele>
      </trkpt>
      <trkpt lat="39.07633" lon="-93.72369">
        <ele>242.6</ele>
      </trkpt>
      <trkpt lat="39.08001" lon="-93.7182">
        <ele>253.7</ele>
      </trkpt>
      <trkpt lat="39.0804" lon="-93.70174">
        <ele>258.9</ele>
      </trkpt>
      <trkpt lat="39.07882" lon="-93.6139">
        <ele>252</ele>
      </trkpt>
      <trkpt lat="39.0717" lon="-93.61417">
        <ele>251.3</ele>
      </trkpt>
      <trkpt lat="39.06826" lon="-93.53305">
        <ele>239.1</ele>
      </trkpt>
      <trkpt lat="39.06107" lon="-93.53362">
        <ele>243</ele>
      </trkpt>
      <trkpt lat="39.05963" lon="-93.50824">
        <ele>235.9</ele>
      </trkpt>
      <trkpt lat="39.05908" lon="-93.49497">
        <ele>236.3</ele>
      </trkpt>
      <trkpt lat="39.06677" lon="-93.49442">
        <ele>240.6</ele>
      </trkpt>
      <trkpt lat="39.0653" lon="-93.4431">
        <ele>240.5</ele>
      </trkpt>
      <trkpt lat="39.06686" lon="-93.39109">
        <ele>233.3</ele>
      </trkpt>
      <trkpt lat="39.07049" lon="-93.39046">
        <ele>236.7</ele>
      </trkpt>
      <trkpt lat="39.06757" lon="-93.32232">
        <ele>250.4</ele>
      </trkpt>
      <trkpt lat="39.0602" lon="-93.322329">
        <ele>250.8</ele>
      </trkpt>
      <trkpt lat="39.05698" lon="-93.17731">
        <ele>219.7</ele>
      </trkpt>
      <trkpt lat="39.03483" lon="-93.17626">
        <ele>235.7</ele>
      </trkpt>
      <trkpt lat="39.03243" lon="-93.07525">
        <ele>214.3</ele>
      </trkpt>
      <trkpt lat="39.02503" lon="-93.07046">
        <ele>200.1</ele>
      </trkpt>
      <trkpt lat="39.023739" lon="-93.06114">
        <ele>204.7</ele>
      </trkpt>
      <trkpt lat="39.010039" lon="-93.06161">
        <ele>192.3</ele>
      </trkpt>
      <trkpt lat="39.00571" lon="-93.02982">
        <ele>203.3</ele>
      </trkpt>
      <trkpt lat="39.0004" lon="-93.03008">
        <ele>202.1</ele>
      </trkpt>
      <trkpt lat="38.99901" lon="-93.01075">
        <ele>207.2</ele>
      </trkpt>
      <trkpt lat="38.990519" lon="-92.99566">
        <ele>184</ele>
      </trkpt>
      <trkpt lat="38.98739" lon="-92.96148">
        <ele>203</ele>
      </trkpt>
      <trkpt lat="38.99097" lon="-92.94729">
        <ele>220.4</ele>
      </trkpt>
      <trkpt lat="38.98171" lon="-92.93347">
        <ele>228.3</ele>
      </trkpt>
      <trkpt lat="38.96964" lon="-92.925659">
        <ele>231.3</ele>
      </trkpt>
      <trkpt lat="38.95941" lon="-92.89607">
        <ele>190.8</ele>
      </trkpt>
      <trkpt lat="38.95024" lon="-92.87662">
        <ele>201</ele>
      </trkpt>
      <trkpt lat="38.93545" lon="-92.86554">
        <ele>207.4</ele>
      </trkpt>
      <trkpt lat="38.93553" lon="-92.84025">
        <ele>216.9</ele>
      </trkpt>
      <trkpt lat="38.943" lon="-92.83123">
        <ele>217.6</ele>
      </trkpt>
      <trkpt lat="38.94846" lon="-92.80299">
        <ele>219.2</ele>
      </trkpt>
      <trkpt lat="38.95766" lon="-92.7977">
        <ele>212.7</ele>
      </trkpt>
      <trkpt lat="38.95844" lon="-92.77366">
        <ele>233.5</ele>
      </trkpt>
      <trkpt lat="38.97172" lon="-92.75962">
        <ele>222.7</ele>
      </trkpt>
      <trkpt lat="38.97318" lon="-92.7509">
        <ele>204.6</ele>
      </trkpt>
      <trkpt lat="38.97769" lon="-92.74456">
        <ele>198.1</ele>
      </trkpt>
      <trkpt lat="38.98672" lon="-92.74792">
        <ele>180</ele>
      </trkpt>
      <trkpt lat="38.98754" lon="-92.7551">
        <ele>179.9</ele>
      </trkpt>
      <trkpt lat="39.01233" lon="-92.74881">
        <ele>183</ele>
      </trkpt>
      <trkpt lat="39.00946" lon="-92.67204">
        <ele>177</ele>
      </trkpt>
      <trkpt lat="38.97964" lon="-92.58041">
        <ele>177.7</ele>
      </trkpt>
      <trkpt lat="38.97696" lon="-92.56004">
        <ele>181.9</ele>
      </trkpt>
      <trkpt lat="38.87984" lon="-92.43764">
        <ele>179.1</ele>
      </trkpt>
      <trkpt lat="38.84972" lon="-92.41968">
        <ele>177.9</ele>
      </trkpt>
      <trkpt lat="38.81644" lon="-92.38314">
        <ele>171.1</ele>
      </trkpt>
      <trkpt lat="38.80248" lon="-92.37717">
        <ele>174.9</ele>
      </trkpt>
      <trkpt lat="38.76324" lon="-92.37915">
        <ele>173.5</ele>
      </trkpt>
      <trkpt lat="38.73575" lon="-92.36344">
        <ele>176.3</ele>
      </trkpt>
      <trkpt lat="38.66952" lon="-92.28037">
        <ele>174.3</ele>
      </trkpt>
      <trkpt lat="38.64006" lon="-92.20181">
        <ele>167.6</ele>
      </trkpt>
      <trkpt lat="38.60698" lon="-92.16431">
        <ele>167.8</ele>
      </trkpt>
      <trkpt lat="38.58451" lon="-92.11521">
        <ele>176.9</ele>
      </trkpt>
      <trkpt lat="38.58129" lon="-92.07953">
        <ele>165.8</ele>
      </trkpt>
      <trkpt lat="38.59203" lon="-92.01952">
        <ele>166.9</ele>
      </trkpt>
      <trkpt lat="38.61797" lon="-91.9638">
        <ele>170.1</ele>
      </trkpt>
      <trkpt lat="38.65228" lon="-91.9135">
        <ele>166.8</ele>
      </trkpt>
      <trkpt lat="38.68722" lon="-91.85125">
        <ele>163.1</ele>
      </trkpt>
      <trkpt lat="38.70765" lon="-91.80206">
        <ele>161.6</ele>
      </trkpt>
      <trkpt lat="38.71102" lon="-91.75957">
        <ele>161.3</ele>
      </trkpt>
      <trkpt lat="38.71123" lon="-91.69033">
        <ele>155.9</ele>
      </trkpt>
      <trkpt lat="38.70333" lon="-91.56917">
        <ele>167.6</ele>
      </trkpt>
      <trkpt lat="38.73345" lon="-91.44774">
        <ele>159</ele>
      </trkpt>
      <trkpt lat="38.73598" lon="-91.39762">
        <ele>154.7</ele>
      </trkpt>
      <trkpt lat="38.73468" lon="-91.36871">
        <ele>157.3</ele>
      </trkpt>
      <trkpt lat="38.71242" lon="-91.31825">
        <ele>152</ele>
      </trkpt>
      <trkpt lat="38.67116" lon="-91.2612">
        <ele>162</ele>
      </trkpt>
      <trkpt lat="38.64615" lon="-91.21716">
        <ele>153.4</ele>
      </trkpt>
      <trkpt lat="38.63379" lon="-91.12823">
        <ele>154.7</ele>
      </trkpt>
      <trkpt lat="38.63308" lon="-91.08732">
        <ele>152.9</ele>
      </trkpt>
      <trkpt lat="38.62697" lon="-91.05972">
        <ele>149.6</ele>
      </trkpt>
      <trkpt lat="38.60547" lon="-91.00268">
        <ele>147.8</ele>
      </trkpt>
      <trkpt lat="38.57004" lon="-90.96489">
        <ele>148.5</ele>
      </trkpt>
      <trkpt lat="38.56478" lon="-90.93346">
        <ele>146</ele>
      </trkpt>
      <trkpt lat="38.56553" lon="-90.91242">
        <ele>146.1</ele>
      </trkpt>
      <trkpt lat="38.58227" lon="-90.82372">
        <ele>146.5</ele>
      </trkpt>
      <trkpt lat="38.59567" lon="-90.80401">
        <ele>143.6</ele>
      </trkpt>
      <trkpt lat="38.64872" lon="-90.76711">
        <ele>143.3</ele>
      </trkpt>
      <trkpt lat="38.65634" lon="-90.75676">
        <ele>140.1</ele>
      </trkpt>
      <trkpt lat="38.68076" lon="-90.70202">
        <ele>156.2</ele>
      </trkpt>
      <trkpt lat="38.71645" lon="-90.5643">
        <ele>140.8</ele>
      </trkpt>
      <trkpt lat="38.7468" lon="-90.51147">
        <ele>136.5</ele>
      </trkpt>
      <trkpt lat="38.74779" lon="-90.5018">
        <ele>134.7</ele>
      </trkpt>
      <trkpt lat="38.75469" lon="-90.50153">
        <ele>137.8</ele>
      </trkpt>
      <trkpt lat="38.7645" lon="-90.49046">
        <ele>131</ele>
      </trkpt>
      <trkpt lat="38.7955" lon="-90.47383">
        <ele>135</ele>
      </trkpt>
      <trkpt lat="38.82963" lon="-90.4469">
        <ele>134.1</ele>
      </trkpt>
      <trkpt lat="38.83501" lon="-90.42318">
        <ele>134.1</ele>
      </trkpt>
      <trkpt lat="38.85866" lon="-90.38403">
        <ele>134.5</ele>
      </trkpt>
      <trkpt lat="38.87437" lon="-90.3705">
        <ele>134.1</ele>
      </trkpt>
      <trkpt lat="38.90348" lon="-90.33137">
        <ele>134.3</ele>
      </trkpt>
      <trkpt lat="38.90892" lon="-90.33016">
        <ele>133.9</ele>
      </trkpt>
      <trkpt lat="38.90787" lon="-90.31374">
        <ele>132.5</ele>
      </trkpt>
      <trkpt lat="38.90126" lon="-90.31464">
        <ele>129.7</ele>
      </trkpt>
      <trkpt lat="38.89224" lon="-90.26073">
        <ele>128.5</ele>
      </trkpt>
      <trkpt lat="38.88214" lon="-90.26224">
        <ele>130.1</ele>
      </trkpt>
      <trkpt lat="38.87867" lon="-90.25083">
        <ele>129.8</ele>
      </trkpt>
      <trkpt lat="38.87868" lon="-90.22491">
        <ele>128</ele>
      </trkpt>
      <trkpt lat="38.86634" lon="-90.22717">
        <ele>131.2</ele>
      </trkpt>
      <trkpt lat="38.86156" lon="-90.22325">
        <ele>132.2</ele>
      </trkpt>
      <trkpt lat="38.8881" lon="-90.17235">
        <ele>132.4</ele>
      </trkpt>
      <trkpt lat="38.88645" lon="-90.17577">
        <ele>130.8</ele>
      </trkpt>
      <trkpt lat="38.86252" lon="-90.13416">
        <ele>130.2</ele>
      </trkpt>
      <trkpt lat="38.85115" lon="-90.10248">
        <ele>131.1</ele>
      </trkpt>
      <trkpt lat="38.84195" lon="-90.09819">
        <ele>131.1</ele>
      </trkpt>
      <trkpt lat="38.80666" lon="-90.1022">
        <ele>130.9</ele>
      </trkpt>
      <trkpt lat="38.79842" lon="-90.09164">
        <ele>129</ele>
      </trkpt>
      <trkpt lat="38.79921" lon="-90.02263">
        <ele>133.6</ele>
      </trkpt>
      <trkpt lat="38.80251" lon="-90.01079">
        <ele>158.3</ele>
      </trkpt>
      <trkpt lat="38.81305" lon="-90.00061">
        <ele>137.4</ele>
      </trkpt>
      <trkpt lat="38.8127" lon="-89.94757">
        <ele>163.5</ele>
      </trkpt>
      <trkpt lat="38.82858" lon="-89.94062">
        <ele>157.9</ele>
      </trkpt>
      <trkpt lat="38.84114" lon="-89.9047">
        <ele>161.9</ele>
      </trkpt>
      <trkpt lat="38.86768" lon="-89.88289">
        <ele>164.8</ele>
      </trkpt>
      <trkpt lat="38.8674" lon="-89.86856">
        <ele>164.4</ele>
      </trkpt>
      <trkpt lat="38.8952" lon="-89.83842">
        <ele>167.7</ele>
      </trkpt>
      <trkpt lat="38.92762" lon="-89.83721">
        <ele>173.8</ele>
      </trkpt>
      <trkpt lat="38.97623" lon="-89.80098">
        <ele>183.8</ele>
      </trkpt>
      <trkpt lat="39.00427" lon="-89.78731">
        <ele>189.7</ele>
      </trkpt>
      <trkpt lat="39.01214" lon="-89.78721">
        <ele>188.8</ele>
      </trkpt>
      <trkpt lat="39.02112" lon="-89.76346">
        <ele>197.8</ele>
      </trkpt>
      <trkpt lat="39.02125" lon="-89.7441">
        <ele>194.6</ele>
      </trkpt>
      <trkpt lat="39.02628" lon="-89.75">
        <ele>198.3</ele>
      </trkpt>
      <trkpt lat="39.04402" lon="-89.75075">
        <ele>201.1</ele>
      </trkpt>
      <trkpt lat="39.06376" lon="-89.73576">
        <ele>204</ele>
      </trkpt>
      <trkpt lat="39.07617" lon="-89.73508">
        <ele>204.4</ele>
      </trkpt>
      <trkpt lat="39.07817" lon="-89.71911">
        <ele>208.6</ele>
      </trkpt>
      <trkpt lat="39.13854" lon="-89.67186">
        <ele>208.6</ele>
      </trkpt>
      <trkpt lat="39.14955" lon="-89.66644">
        <ele>207.3</ele>
      </trkpt>
      <trkpt lat="39.19014" lon="-89.66444">
        <ele>209.6</ele>
      </trkpt>
      <trkpt lat="39.2332" lon="-89.63942">
        <ele>202.6</ele>
      </trkpt>
      <trkpt lat="39.23395" lon="-89.64351">
        <ele>202.9</ele>
      </trkpt>
      <trkpt lat="39.27324" lon="-89.64226">
        <ele>199.5</ele>
      </trkpt>
      <trkpt lat="39.27742" lon="-89.64734">
        <ele>196.1</ele>
      </trkpt>
      <trkpt lat="39.28348" lon="-89.64242">
        <ele>194.4</ele>
      </trkpt>
      <trkpt lat="39.31728" lon="-89.64309">
        <ele>196.6</ele>
      </trkpt>
      <trkpt lat="39.32137" lon="-89.64831">
        <ele>197.1</ele>
      </trkpt>
      <trkpt lat="39.32747" lon="-89.64323">
        <ele>197.3</ele>
      </trkpt>
      <trkpt lat="39.37765" lon="-89.6435">
        <ele>195.2</ele>
      </trkpt>
      <trkpt lat="39.37752" lon="-89.66198">
        <ele>194.9</ele>
      </trkpt>
      <trkpt lat="39.4372" lon="-89.66346">
        <ele>195.7</ele>
      </trkpt>
      <trkpt lat="39.44327" lon="-89.66358">
        <ele>196.6</ele>
      </trkpt>
      <trkpt lat="39.44354" lon="-89.64753">
        <ele>198.6</ele>
      </trkpt>
      <trkpt lat="39.45002" lon="-89.64471">
        <ele>197.4</ele>
      </trkpt>
      <trkpt lat="39.56313" lon="-89.64667">
        <ele>188.9</ele>
      </trkpt>
      <trkpt lat="39.57505" lon="-89.65136">
        <ele>187.3</ele>
      </trkpt>
      <trkpt lat="39.57477" lon="-89.67019">
        <ele>186.2</ele>
      </trkpt>
      <trkpt lat="39.61104" lon="-89.67323">
        <ele>181.2</ele>
      </trkpt>
      <trkpt lat="39.61099" lon="-89.68455">
        <ele>179.9</ele>
      </trkpt>
      <trkpt lat="39.66209" lon="-89.68592">
        <ele>182.8</ele>
      </trkpt>
      <trkpt lat="39.66232" lon="-89.68124">
        <ele>181.9</ele>
      </trkpt>
      <trkpt lat="39.67684" lon="-89.68138">
        <ele>180.1</ele>
      </trkpt>
      <trkpt lat="39.67633" lon="-89.70278">
        <ele>183.7</ele>
      </trkpt>
      <trkpt lat="39.74128" lon="-89.66777">
        <ele>185.8</ele>
      </trkpt>
      <trkpt lat="39.74582" lon="-89.67072">
        <ele>184.9</ele>
      </trkpt>
      <trkpt lat="39.74306" lon="-89.67695">
        <ele>183.9</ele>
      </trkpt>
      <trkpt lat="39.75498" lon="-89.6772">
        <ele>184.3</ele>
      </trkpt>
      <trkpt lat="39.75697" lon="-89.66811">
        <ele>183.7</ele>
      </trkpt>
      <trkpt lat="39.76571" lon="-89.66595">
        <ele>185.9</ele>
      </trkpt>
      <trkpt lat="39.77035" lon="-89.65427">
        <ele>184.4</ele>
      </trkpt>
      <trkpt lat="39.81878" lon="-89.6533">
        <ele>182.2</ele>
      </trkpt>
      <trkpt lat="39.81883" lon="-89.64039">
        <ele>184.1</ele>
      </trkpt>
      <trkpt lat="39.82693" lon="-89.63714">
        <ele>181.8</ele>
      </trkpt>
      <trkpt lat="39.82699" lon="-89.62179">
        <ele>180</ele>
      </trkpt>
      <trkpt lat="39.83077" lon="-89.62004">
        <ele>179.8</ele>
      </trkpt>
      <trkpt lat="39.84579" lon="-89.61961">
        <ele>177.7</ele>
      </trkpt>
      <trkpt lat="39.85478" lon="-89.6115">
        <ele>167</ele>
      </trkpt>
      <trkpt lat="39.85736" lon="-89.61536">
        <ele>178.1</ele>
      </trkpt>
      <trkpt lat="39.88127" lon="-89.61339">
        <ele>172.2</ele>
      </trkpt>
      <trkpt lat="39.89782" lon="-89.60029">
        <ele>176</ele>
      </trkpt>
      <trkpt lat="39.91057" lon="-89.60261">
        <ele>176.7</ele>
      </trkpt>
      <trkpt lat="39.9177" lon="-89.58279">
        <ele>173.5</ele>
      </trkpt>
      <trkpt lat="39.94526" lon="-89.55881">
        <ele>179.6</ele>
      </trkpt>
      <trkpt lat="39.96159" lon="-89.55917">
        <ele>182.9</ele>
      </trkpt>
      <trkpt lat="39.95421" lon="-89.54983">
        <ele>182.8</ele>
      </trkpt>
      <trkpt lat="40.0316" lon="-89.47428">
        <ele>180.5</ele>
      </trkpt>
      <trkpt lat="40.13155" lon="-89.38831">
        <ele>166.6</ele>
      </trkpt>
      <trkpt lat="40.14689" lon="-89.3829">
        <ele>182.1</ele>
      </trkpt>
      <trkpt lat="40.14518" lon="-89.36435">
        <ele>179.6</ele>
      </trkpt>
      <trkpt lat="40.30441" lon="-89.18139">
        <ele>216.9</ele>
      </trkpt>
      <trkpt lat="40.42627" lon="-89.03906">
        <ele>232.8</ele>
      </trkpt>
      <trkpt lat="40.44147" lon="-89.02417">
        <ele>236.4</ele>
      </trkpt>
      <trkpt lat="40.44943" lon="-89.02411">
        <ele>252.7</ele>
      </trkpt>
      <trkpt lat="40.45149" lon="-89.01373">
        <ele>259.1</ele>
      </trkpt>
      <trkpt lat="40.46578" lon="-89.00019">
        <ele>252.5</ele>
      </trkpt>
      <trkpt lat="40.47864" lon="-88.99742">
        <ele>244.1</ele>
      </trkpt>
      <trkpt lat="40.47807" lon="-88.98168">
        <ele>252.3</ele>
      </trkpt>
      <trkpt lat="40.51576" lon="-88.98489">
        <ele>244.1</ele>
      </trkpt>
      <trkpt lat="40.51811" lon="-88.96968">
        <ele>245.9</ele>
      </trkpt>
      <trkpt lat="40.52502" lon="-88.96787">
        <ele>247.5</ele>
      </trkpt>
      <trkpt lat="40.52568" lon="-88.95799">
        <ele>249.9</ele>
      </trkpt>
      <trkpt lat="40.57923" lon="-88.87551">
        <ele>238.3</ele>
      </trkpt>
      <trkpt lat="40.63383" lon="-88.79693">
        <ele>223.7</ele>
      </trkpt>
      <trkpt lat="40.65067" lon="-88.77997">
        <ele>226.6</ele>
      </trkpt>
      <trkpt lat="40.72869" lon="-88.73139">
        <ele>221.8</ele>
      </trkpt>
      <trkpt lat="40.74351" lon="-88.72842">
        <ele>217.6</ele>
      </trkpt>
      <trkpt lat="40.75626" lon="-88.71434">
        <ele>216</ele>
      </trkpt>
      <trkpt lat="40.86692" lon="-88.64533">
        <ele>196.2</ele>
      </trkpt>
      <trkpt lat="40.88109" lon="-88.64386">
        <ele>192.7</ele>
      </trkpt>
      <trkpt lat="40.88117" lon="-88.62867">
        <ele>195.5</ele>
      </trkpt>
      <trkpt lat="40.88836" lon="-88.62876">
        <ele>196.4</ele>
      </trkpt>
      <trkpt lat="40.89866" lon="-88.62389">
        <ele>197.3</ele>
      </trkpt>
      <trkpt lat="40.99408" lon="-88.53399">
        <ele>219.2</ele>
      </trkpt>
      <trkpt lat="41.00934" lon="-88.52732">
        <ele>217.5</ele>
      </trkpt>
      <trkpt lat="41.0173" lon="-88.51256">
        <ele>211.8</ele>
      </trkpt>
      <trkpt lat="41.05021" lon="-88.48141">
        <ele>195.5</ele>
      </trkpt>
      <trkpt lat="41.08317" lon="-88.44006">
        <ele>197.8</ele>
      </trkpt>
      <trkpt lat="41.09564" lon="-88.43917">
        <ele>192.2</ele>
      </trkpt>
      <trkpt lat="41.09661" lon="-88.42319">
        <ele>191.5</ele>
      </trkpt>
      <trkpt lat="41.18246" lon="-88.31856">
        <ele>179.7</ele>
      </trkpt>
      <trkpt lat="41.18285" lon="-88.30101">
        <ele>180</ele>
      </trkpt>
      <trkpt lat="41.19337" lon="-88.30082">
        <ele>177.8</ele>
      </trkpt>
      <trkpt lat="41.26436" lon="-88.21212">
        <ele>175.8</ele>
      </trkpt>
      <trkpt lat="41.26049" lon="-88.20633">
        <ele>177.1</ele>
      </trkpt>
      <trkpt lat="41.26147" lon="-88.15036">
        <ele>171.3</ele>
      </trkpt>
      <trkpt lat="41.30492" lon="-88.15894">
        <ele>172.3</ele>
      </trkpt>
      <trkpt lat="41.30853" lon="-88.14465">
        <ele>167.5</ele>
      </trkpt>
      <trkpt lat="41.32947" lon="-88.14764">
        <ele>170.4</ele>
      </trkpt>
      <trkpt lat="41.32745" lon="-88.13293">
        <ele>171</ele>
      </trkpt>
      <trkpt lat="41.36289" lon="-88.13327">
        <ele>182.7</ele>
      </trkpt>
      <trkpt lat="41.36921" lon="-88.13183">
        <ele>188.4</ele>
      </trkpt>
      <trkpt lat="41.37577" lon="-88.12825">
        <ele>194.7</ele>
      </trkpt>
      <trkpt lat="41.37487" lon="-88.12157">
        <ele>194</ele>
      </trkpt>
      <trkpt lat="41.3785" lon="-88.12735">
        <ele>190.8</ele>
      </trkpt>
      <trkpt lat="41.39708" lon="-88.11309">
        <ele>195</ele>
      </trkpt>
      <trkpt lat="41.40585" lon="-88.1024">
        <ele>197.6</ele>
      </trkpt>
      <trkpt lat="41.4085" lon="-88.07872">
        <ele>206.9</ele>
      </trkpt>
      <trkpt lat="41.41553" lon="-88.07801">
        <ele>206.7</ele>
      </trkpt>
      <trkpt lat="41.42031" lon="-88.0205">
        <ele>198.1</ele>
      </trkpt>
      <trkpt lat="41.421" lon="-87.98812">
        <ele>205.1</ele>
      </trkpt>
      <trkpt lat="41.42253" lon="-87.98201">
        <ele>211.9</ele>
      </trkpt>
      <trkpt lat="41.43927" lon="-87.98254">
        <ele>208.8</ele>
      </trkpt>
      <trkpt lat="41.43991" lon="-87.94402">
        <ele>219.7</ele>
      </trkpt>
      <trkpt lat="41.46893" lon="-87.94498">
        <ele>218.9</ele>
      </trkpt>
      <trkpt lat="41.49866" lon="-87.9412">
        <ele>215.8</ele>
      </trkpt>
      <trkpt lat="41.49903" lon="-87.65132">
        <ele>210</ele>
      </trkpt>
      <trkpt lat="41.50961" lon="-87.64425">
        <ele>197.7</ele>
      </trkpt>
      <trkpt lat="41.52314" lon="-87.62264">
        <ele>191.9</ele>
      </trkpt>
      <trkpt lat="41.54767" lon="-87.62418">
        <ele>186.1</ele>
      </trkpt>
      <trkpt lat="41.55167" lon="-87.60476">
        <ele>188</ele>
      </trkpt>
      <trkpt lat="41.55889" lon="-87.60116">
        <ele>183.8</ele>
      </trkpt>
      <trkpt lat="41.55512" lon="-87.59643">
        <ele>187.3</ele>
      </trkpt>
      <trkpt lat="41.54279" lon="-87.59693">
        <ele>188.7</ele>
      </trkpt>
      <trkpt lat="41.54271" lon="-87.57693">
        <ele>185.3</ele>
      </trkpt>
      <trkpt lat="41.54774" lon="-87.5627">
        <ele>186</ele>
      </trkpt>
      <trkpt lat="41.54296" lon="-87.5588">
        <ele>184.5</ele>
      </trkpt>
      <trkpt lat="41.54288" lon="-87.51681">
        <ele>185.6</ele>
      </trkpt>
      <trkpt lat="41.53997" lon="-87.50513">
        <ele>187</ele>
      </trkpt>
      <trkpt lat="41.52326" lon="-87.49085">
        <ele>184.2</ele>
      </trkpt>
      <trkpt lat="41.52388" lon="-87.25926">
        <ele>189.8</ele>
      </trkpt>
      <trkpt lat="41.52991" lon="-87.24748">
        <ele>189.5</ele>
      </trkpt>
      <trkpt lat="41.54298" lon="-87.23108">
        <ele>189.5</ele>
      </trkpt>
      <trkpt lat="41.61012" lon="-87.07445">
        <ele>195</ele>
      </trkpt>
      <trkpt lat="41.61836" lon="-87.0673">
        <ele>194.6</ele>
      </trkpt>
      <trkpt lat="41.6426" lon="-87.06561">
        <ele>189.9</ele>
      </trkpt>
      <trkpt lat="41.68573" lon="-86.95712">
        <ele>185.7</ele>
      </trkpt>
      <trkpt lat="41.69603" lon="-86.93646">
        <ele>186.5</ele>
      </trkpt>
      <trkpt lat="41.71918" lon="-86.90447">
        <ele>183.2</ele>
      </trkpt>
      <trkpt lat="41.72522" lon="-86.90192">
        <ele>179.6</ele>
      </trkpt>
      <trkpt lat="41.76027" lon="-86.82357">
        <ele>183</ele>
      </trkpt>
      <trkpt lat="41.76065" lon="-86.80075">
        <ele>189.8</ele>
      </trkpt>
      <trkpt lat="41.78571" lon="-86.76549">
        <ele>188.1</ele>
      </trkpt>
      <trkpt lat="41.79189" lon="-86.74906">
        <ele>189.8</ele>
      </trkpt>
      <trkpt lat="41.79628" lon="-86.74537">
        <ele>187.5</ele>
      </trkpt>
      <trkpt lat="41.8022" lon="-86.74564">
        <ele>184.8</ele>
      </trkpt>
      <trkpt lat="41.81723" lon="-86.71784">
        <ele>188.8</ele>
      </trkpt>
      <trkpt lat="41.82005" lon="-86.70403">
        <ele>191.9</ele>
      </trkpt>
      <trkpt lat="41.8395" lon="-86.68002">
        <ele>203.6</ele>
      </trkpt>
      <trkpt lat="41.85093" lon="-86.6709">
        <ele>191.3</ele>
      </trkpt>
      <trkpt lat="41.87764" lon="-86.61541">
        <ele>191.6</ele>
      </trkpt>
      <trkpt lat="41.91941" lon="-86.5784">
        <ele>201.9</ele>
      </trkpt>
      <trkpt lat="41.95386" lon="-86.55314">
        <ele>203.2</ele>
      </trkpt>
      <trkpt lat="41.96836" lon="-86.54835">
        <ele>201.7</ele>
      </trkpt>
      <trkpt lat="41.96862" lon="-86.55274">
        <ele>196.2</ele>
      </trkpt>
      <trkpt lat="42.00774" lon="-86.53412">
        <ele>184.7</ele>
      </trkpt>
      <trkpt lat="42.02899" lon="-86.53346">
        <ele>180.3</ele>
      </trkpt>
      <trkpt lat="42.02894" lon="-86.52383">
        <ele>202</ele>
      </trkpt>
      <trkpt lat="42.04342" lon="-86.52391">
        <ele>198.7</ele>
      </trkpt>
      <trkpt lat="42.04342" lon="-86.51418">
        <ele>190.5</ele>
      </trkpt>
      <trkpt lat="42.05777" lon="-86.51409">
        <ele>196.8</ele>
      </trkpt>
      <trkpt lat="42.101" lon="-86.4902">
        <ele>200.1</ele>
      </trkpt>
      <trkpt lat="42.15753" lon="-86.4398">
        <ele>214.1</ele>
      </trkpt>
      <trkpt lat="42.19779" lon="-86.39591">
        <ele>209.3</ele>
      </trkpt>
      <trkpt lat="42.23694" lon="-86.36701">
        <ele>191.8</ele>
      </trkpt>
      <trkpt lat="42.26295" lon="-86.33533">
        <ele>207</ele>
      </trkpt>
      <trkpt lat="42.27444" lon="-86.33532">
        <ele>188.2</ele>
      </trkpt>
      <trkpt lat="42.28671" lon="-86.32165">
        <ele>200.6</ele>
      </trkpt>
      <trkpt lat="42.29904" lon="-86.31908">
        <ele>189</ele>
      </trkpt>
      <trkpt lat="42.32029" lon="-86.29976">
        <ele>187.4</ele>
      </trkpt>
      <trkpt lat="42.37597" lon="-86.27839">
        <ele>191.7</ele>
      </trkpt>
      <trkpt lat="42.40042" lon="-86.27951">
        <ele>188.2</ele>
      </trkpt>
      <trkpt lat="42.40147" lon="-86.28373">
        <ele>177.4</ele>
      </trkpt>
      <trkpt lat="42.40331" lon="-86.26424">
        <ele>189.9</ele>
      </trkpt>
      <trkpt lat="42.41155" lon="-86.26431">
        <ele>181.7</ele>
      </trkpt>
      <trkpt lat="42.41526" lon="-86.25796">
        <ele>179.4</ele>
      </trkpt>
      <trkpt lat="42.41898" lon="-86.24456">
        <ele>179.6</ele>
      </trkpt>
      <trkpt lat="42.41641" lon="-86.14361">
        <ele>205.2</ele>
      </trkpt>
      <trkpt lat="42.38188" lon="-85.94072">
        <ele>232.3</ele>
      </trkpt>
      <trkpt lat="42.37747" lon="-85.92489">
        <ele>231.4</ele>
      </trkpt>
      <trkpt lat="42.35795" lon="-85.89179">
        <ele>241.7</ele>
      </trkpt>
      <trkpt lat="42.35409" lon="-85.86761">
        <ele>240.7</ele>
      </trkpt>
      <trkpt lat="42.36094" lon="-85.84242">
        <ele>238.3</ele>
      </trkpt>
      <trkpt lat="42.359969" lon="-85.81693">
        <ele>240.6</ele>
      </trkpt>
      <trkpt lat="42.35492" lon="-85.80354">
        <ele>244.1</ele>
      </trkpt>
      <trkpt lat="42.35704" lon="-85.74768">
        <ele>233.9</ele>
      </trkpt>
      <trkpt lat="42.36965" lon="-85.70623">
        <ele>235.1</ele>
      </trkpt>
      <trkpt lat="42.35395" lon="-85.6854">
        <ele>243.7</ele>
      </trkpt>
      <trkpt lat="42.32903" lon="-85.6768">
        <ele>288.1</ele>
      </trkpt>
      <trkpt lat="42.32204" lon="-85.65864">
        <ele>294</ele>
      </trkpt>
      <trkpt lat="42.32364" lon="-85.64624">
        <ele>286.3</ele>
      </trkpt>
      <trkpt lat="42.31355" lon="-85.62882">
        <ele>268.3</ele>
      </trkpt>
      <trkpt lat="42.3067" lon="-85.60326">
        <ele>244.2</ele>
      </trkpt>
      <trkpt lat="42.29756" lon="-85.59379">
        <ele>239.3</ele>
      </trkpt>
      <trkpt lat="42.29694" lon="-85.5766">
        <ele>233.5</ele>
      </trkpt>
      <trkpt lat="42.28467" lon="-85.54975">
        <ele>231.5</ele>
      </trkpt>
      <trkpt lat="42.28851" lon="-85.44814">
        <ele>245.1</ele>
      </trkpt>
      <trkpt lat="42.28121" lon="-85.44542">
        <ele>240.7</ele>
      </trkpt>
      <trkpt lat="42.28048" lon="-85.42864">
        <ele>236.7</ele>
      </trkpt>
      <trkpt lat="42.30771" lon="-85.38791">
        <ele>246.1</ele>
      </trkpt>
      <trkpt lat="42.33096" lon="-85.36736">
        <ele>245.7</ele>
      </trkpt>
      <trkpt lat="42.33546" lon="-85.35672">
        <ele>246.3</ele>
      </trkpt>
      <trkpt lat="42.33363" lon="-85.32785">
        <ele>245.8</ele>
      </trkpt>
      <trkpt lat="42.33754" lon="-85.27614">
        <ele>269.3</ele>
      </trkpt>
      <trkpt lat="42.34254" lon="-85.26971">
        <ele>259.2</ele>
      </trkpt>
      <trkpt lat="42.34447" lon="-85.2505">
        <ele>242.7</ele>
      </trkpt>
      <trkpt lat="42.3174" lon="-85.17502">
        <ele>250.1</ele>
      </trkpt>
      <trkpt lat="42.32532" lon="-85.1524">
        <ele>252.8</ele>
      </trkpt>
      <trkpt lat="42.33035" lon="-85.153139">
        <ele>253.3</ele>
      </trkpt>
      <trkpt lat="42.332132" lon="-85.140679">
        <ele>258.6</ele>
      </trkpt>
      <trkpt lat="42.32938" lon="-85.130999">
        <ele>278.8</ele>
      </trkpt>
      <trkpt lat="42.322925" lon="-85.131345">
        <ele>271.4</ele>
      </trkpt>
      <trkpt lat="42.32386" lon="-85.11696">
        <ele>269.8</ele>
      </trkpt>
      <trkpt lat="42.31246" lon="-85.12193">
        <ele>271.3</ele>
      </trkpt>
      <trkpt lat="42.308369" lon="-85.13034">
        <ele>270.9</ele>
      </trkpt>
      <trkpt lat="42.30068" lon="-85.12972">
        <ele>264.9</ele>
      </trkpt>
      <trkpt lat="42.29788" lon="-85.11448">
        <ele>265.2</ele>
      </trkpt>
      <trkpt lat="42.29389" lon="-85.11429">
        <ele>265.7</ele>
      </trkpt>
      <trkpt lat="42.290529" lon="-85.10548">
        <ele>273.2</ele>
      </trkpt>
      <trkpt lat="42.29066" lon="-85.08147">
        <ele>284.3</ele>
      </trkpt>
      <trkpt lat="42.28101" lon="-85.0813">
        <ele>275.6</ele>
      </trkpt>
      <trkpt lat="42.27912" lon="-85.06847">
        <ele>268.8</ele>
      </trkpt>
      <trkpt lat="42.27076" lon="-85.0581">
        <ele>272.1</ele>
      </trkpt>
      <trkpt lat="42.26845" lon="-85.00319">
        <ele>279.5</ele>
      </trkpt>
      <trkpt lat="42.27922" lon="-85.0033">
        <ele>277.4</ele>
      </trkpt>
      <trkpt lat="42.2757" lon="-84.98393">
        <ele>279.8</ele>
      </trkpt>
      <trkpt lat="42.29026" lon="-84.98351">
        <ele>286.7</ele>
      </trkpt>
      <trkpt lat="42.29024" lon="-84.96938">
        <ele>288.1</ele>
      </trkpt>
      <trkpt lat="42.26871" lon="-84.96118">
        <ele>276.4</ele>
      </trkpt>
      <trkpt lat="42.26308" lon="-84.95204">
        <ele>276.1</ele>
      </trkpt>
      <trkpt lat="42.258069" lon="-84.92337">
        <ele>281.2</ele>
      </trkpt>
      <trkpt lat="42.26171" lon="-84.78802">
        <ele>286.5</ele>
      </trkpt>
      <trkpt lat="42.253369" lon="-84.76214">
        <ele>297</ele>
      </trkpt>
      <trkpt lat="42.24795" lon="-84.76219">
        <ele>286.7</ele>
      </trkpt>
      <trkpt lat="42.23495" lon="-84.73588">
        <ele>297.1</ele>
      </trkpt>
      <trkpt lat="42.17372" lon="-84.732">
        <ele>309.5</ele>
      </trkpt>
      <trkpt lat="42.17425" lon="-84.65833">
        <ele>306.5</ele>
      </trkpt>
      <trkpt lat="42.18051" lon="-84.63963">
        <ele>302.9</ele>
      </trkpt>
      <trkpt lat="42.1855" lon="-84.56339">
        <ele>303.8</ele>
      </trkpt>
      <trkpt lat="42.19928" lon="-84.5061">
        <ele>298.4</ele>
      </trkpt>
      <trkpt lat="42.20223" lon="-84.45436">
        <ele>295.8</ele>
      </trkpt>
      <trkpt lat="42.236225" lon="-84.395871">
        <ele>289.4</ele>
      </trkpt>
      <trkpt lat="42.247088" lon="-84.400674">
        <ele>283.4</ele>
      </trkpt>
      <trkpt lat="42.2475" lon="-84.40582">
        <ele>284.4</ele>
      </trkpt>
      <trkpt lat="42.27011" lon="-84.41573">
        <ele>304.5</ele>
      </trkpt>
      <trkpt lat="42.29112" lon="-84.41362">
        <ele>291.6</ele>
      </trkpt>
      <trkpt lat="42.29113" lon="-84.388589">
        <ele>282.7</ele>
      </trkpt>
      <trkpt lat="42.2839" lon="-84.36943">
        <ele>299.7</ele>
      </trkpt>
      <trkpt lat="42.28429" lon="-84.33875">
        <ele>296.2</ele>
      </trkpt>
      <trkpt lat="42.32253" lon="-84.338939">
        <ele>277.6</ele>
      </trkpt>
      <trkpt lat="42.4553" lon="-84.16607">
        <ele>285.1</ele>
      </trkpt>
      <trkpt lat="42.46064" lon="-84.13074">
        <ele>292</ele>
      </trkpt>
      <trkpt lat="42.46056" lon="-84.07831">
        <ele>285.7</ele>
      </trkpt>
      <trkpt lat="42.46747" lon="-84.054509">
        <ele>280.6</ele>
      </trkpt>
      <trkpt lat="42.46754" lon="-83.98808">
        <ele>270.9</ele>
      </trkpt>
      <trkpt lat="42.46143" lon="-83.97603">
        <ele>270.2</ele>
      </trkpt>
      <trkpt lat="42.46072" lon="-83.96296">
        <ele>275.2</ele>
      </trkpt>
      <trkpt lat="42.46566" lon="-83.87168">
        <ele>272.1</ele>
      </trkpt>
      <trkpt lat="42.46214" lon="-83.83852">
        <ele>260.5</ele>
      </trkpt>
      <trkpt lat="42.441541" lon="-83.777247">
        <ele>275.6</ele>
      </trkpt>
      <trkpt lat="42.442221" lon="-83.7566">
        <ele>284.9</ele>
      </trkpt>
      <trkpt lat="42.45188" lon="-83.752953">
        <ele>276.4</ele>
      </trkpt>
      <trkpt lat="42.50276" lon="-83.75715">
        <ele>275.1</ele>
      </trkpt>
      <trkpt lat="42.50547" lon="-83.75303">
        <ele>277</ele>
      </trkpt>
      <trkpt lat="42.50497" lon="-83.73887">
        <ele>280.4</ele>
      </trkpt>
      <trkpt lat="42.49733" lon="-83.7406">
        <ele>274.1</ele>
      </trkpt>
      <trkpt lat="42.48874" lon="-83.72848">
        <ele>265.7</ele>
      </trkpt>
      <trkpt lat="42.49107" lon="-83.71808">
        <ele>268.7</ele>
      </trkpt>
      <trkpt lat="42.49703" lon="-83.71839">
        <ele>266.1</ele>
      </trkpt>
      <trkpt lat="42.51132" lon="-83.709">
        <ele>272.5</ele>
      </trkpt>
      <trkpt lat="42.50503" lon="-83.70627">
        <ele>274.5</ele>
      </trkpt>
      <trkpt lat="42.50518" lon="-83.70113">
        <ele>269.3</ele>
      </trkpt>
      <trkpt lat="42.5101" lon="-83.69607">
        <ele>269.7</ele>
      </trkpt>
      <trkpt lat="42.510509" lon="-83.67326">
        <ele>271.3</ele>
      </trkpt>
      <trkpt lat="42.51589" lon="-83.63512">
        <ele>310</ele>
      </trkpt>
      <trkpt lat="42.520539" lon="-83.63227">
        <ele>310.6</ele>
      </trkpt>
      <trkpt lat="42.51569" lon="-83.606">
        <ele>285.8</ele>
      </trkpt>
      <trkpt lat="42.52532" lon="-83.59377">
        <ele>283.8</ele>
      </trkpt>
      <trkpt lat="42.523091" lon="-83.576311">
        <ele>291.8</ele>
      </trkpt>
      <trkpt lat="42.524434" lon="-83.536241">
        <ele>283.6</ele>
      </trkpt>
      <trkpt lat="42.53299" lon="-83.51222">
        <ele>289.1</ele>
      </trkpt>
      <trkpt lat="42.54322" lon="-83.4582">
        <ele>290</ele>
      </trkpt>
      <trkpt lat="42.55928" lon="-83.43041">
        <ele>286.7</ele>
      </trkpt>
      <trkpt lat="42.57098" lon="-83.37118">
        <ele>284.2</ele>
      </trkpt>
      <trkpt lat="42.57674" lon="-83.362">
        <ele>280.9</ele>
      </trkpt>
      <trkpt lat="42.62175" lon="-83.32091">
        <ele>287.5</ele>
      </trkpt>
      <trkpt lat="42.62992" lon="-83.29602">
        <ele>281</ele>
      </trkpt>
      <trkpt lat="42.63575" lon="-83.29673">
        <ele>280.3</ele>
      </trkpt>
      <trkpt lat="42.63817" lon="-83.26893">
        <ele>288.7</ele>
      </trkpt>
      <trkpt lat="42.64788" lon="-83.27076">
        <ele>272.9</ele>
      </trkpt>
      <trkpt lat="42.64936" lon="-83.248009">
        <ele>282.4</ele>
      </trkpt>
      <trkpt lat="42.66235" lon="-83.24557">
        <ele>280.8</ele>
      </trkpt>
      <trkpt lat="42.67807" lon="-83.22142">
        <ele>286.5</ele>
      </trkpt>
      <trkpt lat="42.69374" lon="-83.222">
        <ele>297.5</ele>
      </trkpt>
      <trkpt lat="42.69453" lon="-83.20893">
        <ele>302.9</ele>
      </trkpt>
      <trkpt lat="42.69831" lon="-83.20791">
        <ele>299.2</ele>
      </trkpt>
      <trkpt lat="42.69453" lon="-83.20893">
        <ele>302.9</ele>
      </trkpt>
      <trkpt lat="42.69374" lon="-83.222">
        <ele>297.5</ele>
      </trkpt>
      <trkpt lat="42.65964" lon="-83.21733">
        <ele>264.1</ele>
      </trkpt>
      <trkpt lat="42.57533" lon="-83.22462">
        <ele>252</ele>
      </trkpt>
      <trkpt lat="42.56152" lon="-83.20653">
        <ele>240.7</ele>
      </trkpt>
      <trkpt lat="42.55328" lon="-83.20613">
        <ele>236.1</ele>
      </trkpt>
      <trkpt lat="42.55399" lon="-83.19637">
        <ele>233</ele>
      </trkpt>
      <trkpt lat="42.52493" lon="-83.19242">
        <ele>218.8</ele>
      </trkpt>
      <trkpt lat="42.52531" lon="-83.17498">
        <ele>212.6</ele>
      </trkpt>
      <trkpt lat="42.51076" lon="-83.17433">
        <ele>206.6</ele>
      </trkpt>
      <trkpt lat="42.50716" lon="-83.16273">
        <ele>203.9</ele>
      </trkpt>
      <trkpt lat="42.49487" lon="-83.16237">
        <ele>201</ele>
      </trkpt>
      <trkpt lat="42.48758" lon="-83.1466">
        <ele>202.8</ele>
      </trkpt>
      <trkpt lat="42.45443" lon="-83.14762">
        <ele>202.2</ele>
      </trkpt>
      <trkpt lat="42.45479" lon="-83.14287">
        <ele>199.2</ele>
      </trkpt>
      <trkpt lat="42.43775" lon="-83.14043">
        <ele>199.5</ele>
      </trkpt>
      <trkpt lat="42.43041" lon="-83.12479">
        <ele>195.9</ele>
      </trkpt>
      <trkpt lat="42.38316" lon="-83.09317">
        <ele>193.7</ele>
      </trkpt>
      <trkpt lat="42.37878" lon="-83.10529">
        <ele>194.6</ele>
      </trkpt>
      <trkpt lat="42.32958" lon="-83.07549">
        <ele>182.7</ele>
      </trkpt>
      <trkpt lat="42.31791" lon="-83.08365">
        <ele>179.5</ele>
      </trkpt>
      <trkpt lat="42.31395" lon="-83.09128">
        <ele>178.5</ele>
      </trkpt>
      <trkpt lat="42.30754" lon="-83.08705">
        <ele>177.3</ele>
      </trkpt>
      <trkpt lat="42.28961" lon="-83.11958">
        <ele>178.2</ele>
      </trkpt>
      <trkpt lat="42.27386" lon="-83.13414">
        <ele>177.5</ele>
      </trkpt>
      <trkpt lat="42.23575" lon="-83.1484">
        <ele>175.4</ele>
      </trkpt>
      <trkpt lat="42.2051" lon="-83.14847">
        <ele>176.6</ele>
      </trkpt>
      <trkpt lat="42.17628" lon="-83.16831">
        <ele>176.4</ele>
      </trkpt>
      <trkpt lat="42.13655" lon="-83.17896">
        <ele>175.9</ele>
      </trkpt>
      <trkpt lat="42.08412" lon="-83.20939">
        <ele>176.6</ele>
      </trkpt>
      <trkpt lat="42.08097" lon="-83.23826">
        <ele>178.1</ele>
      </trkpt>
      <trkpt lat="42.05197" lon="-83.26485">
        <ele>178.2</ele>
      </trkpt>
      <trkpt lat="42.0018" lon="-83.26285">
        <ele>177.6</ele>
      </trkpt>
      <trkpt lat="41.99254" lon="-83.28879">
        <ele>177.8</ele>
      </trkpt>
      <trkpt lat="41.95941" lon="-83.29287">
        <ele>180.4</ele>
      </trkpt>
      <trkpt lat="41.93495" lon="-83.33245">
        <ele>178.6</ele>
      </trkpt>
      <trkpt lat="41.92323" lon="-83.37392">
        <ele>179.6</ele>
      </trkpt>
      <trkpt lat="41.8978" lon="-83.39699">
        <ele>177.3</ele>
      </trkpt>
      <trkpt lat="41.87611" lon="-83.39746">
        <ele>176.3</ele>
      </trkpt>
      <trkpt lat="41.87626" lon="-83.40544">
        <ele>175.3</ele>
      </trkpt>
      <trkpt lat="41.85177" lon="-83.42894">
        <ele>177</ele>
      </trkpt>
      <trkpt lat="41.84482" lon="-83.42296">
        <ele>176.9</ele>
      </trkpt>
      <trkpt lat="41.83205" lon="-83.43623">
        <ele>176.3</ele>
      </trkpt>
      <trkpt lat="41.82518" lon="-83.45333">
        <ele>178.1</ele>
      </trkpt>
      <trkpt lat="41.80906" lon="-83.45447">
        <ele>175.1</ele>
      </trkpt>
      <trkpt lat="41.80877" lon="-83.47203">
        <ele>177.8</ele>
      </trkpt>
      <trkpt lat="41.77407" lon="-83.47107">
        <ele>177</ele>
      </trkpt>
      <trkpt lat="41.76931" lon="-83.48011">
        <ele>175.8</ele>
      </trkpt>
      <trkpt lat="41.69935" lon="-83.47861">
        <ele>175.9</ele>
      </trkpt>
      <trkpt lat="41.66382" lon="-83.51358">
        <ele>179</ele>
      </trkpt>
      <trkpt lat="41.65732" lon="-83.50944">
        <ele>180.1</ele>
      </trkpt>
      <trkpt lat="41.65516" lon="-83.51261">
        <ele>182.6</ele>
      </trkpt>
      <trkpt lat="41.64372" lon="-83.50181">
        <ele>185.3</ele>
      </trkpt>
      <trkpt lat="41.64514" lon="-83.42871">
        <ele>181.2</ele>
      </trkpt>
      <trkpt lat="41.61637" lon="-83.42759">
        <ele>183.3</ele>
      </trkpt>
      <trkpt lat="41.61644" lon="-83.41583">
        <ele>182.7</ele>
      </trkpt>
      <trkpt lat="41.55653" lon="-83.41517">
        <ele>187.2</ele>
      </trkpt>
      <trkpt lat="41.48075" lon="-83.30454">
        <ele>188.7</ele>
      </trkpt>
      <trkpt lat="41.36707" lon="-83.15155">
        <ele>190.2</ele>
      </trkpt>
      <trkpt lat="41.36399" lon="-83.15374">
        <ele>190.4</ele>
      </trkpt>
      <trkpt lat="41.34935" lon="-83.14628">
        <ele>195.1</ele>
      </trkpt>
      <trkpt lat="41.34847" lon="-83.12942">
        <ele>190.5</ele>
      </trkpt>
      <trkpt lat="41.34426" lon="-83.12945">
        <ele>191.8</ele>
      </trkpt>
      <trkpt lat="41.34434" lon="-83.11734">
        <ele>190.3</ele>
      </trkpt>
      <trkpt lat="41.33222" lon="-83.09182">
        <ele>191.8</ele>
      </trkpt>
      <trkpt lat="41.29782" lon="-82.94439">
        <ele>222.3</ele>
      </trkpt>
      <trkpt lat="41.34098" lon="-82.84404">
        <ele>233.9</ele>
      </trkpt>
      <trkpt lat="41.34219" lon="-82.83033">
        <ele>223.5</ele>
      </trkpt>
      <trkpt lat="41.36252" lon="-82.82808">
        <ele>216.9</ele>
      </trkpt>
      <trkpt lat="41.36089" lon="-82.74903">
        <ele>206.1</ele>
      </trkpt>
      <trkpt lat="41.35477" lon="-82.73324">
        <ele>198.9</ele>
      </trkpt>
      <trkpt lat="41.35239" lon="-82.70255">
        <ele>212.8</ele>
      </trkpt>
      <trkpt lat="41.33378" lon="-82.64367">
        <ele>199.1</ele>
      </trkpt>
      <trkpt lat="41.33159" lon="-82.61878">
        <ele>193.9</ele>
      </trkpt>
      <trkpt lat="41.33677" lon="-82.57656">
        <ele>177.5</ele>
      </trkpt>
      <trkpt lat="41.32936" lon="-82.56346">
        <ele>193</ele>
      </trkpt>
      <trkpt lat="41.33121" lon="-82.49704">
        <ele>204.5</ele>
      </trkpt>
      <trkpt lat="41.34396" lon="-82.4591">
        <ele>237.6</ele>
      </trkpt>
      <trkpt lat="41.38425" lon="-82.45859">
        <ele>183</ele>
      </trkpt>
      <trkpt lat="41.4124" lon="-82.39687">
        <ele>178.3</ele>
      </trkpt>
      <trkpt lat="41.42496" lon="-82.35008">
        <ele>182.7</ele>
      </trkpt>
      <trkpt lat="41.4248" lon="-82.30469">
        <ele>189.6</ele>
      </trkpt>
      <trkpt lat="41.43199" lon="-82.26128">
        <ele>183</ele>
      </trkpt>
      <trkpt lat="41.47086" lon="-82.17369">
        <ele>181.4</ele>
      </trkpt>
      <trkpt lat="41.51294" lon="-82.01965">
        <ele>175.9</ele>
      </trkpt>
      <trkpt lat="41.513" lon="-81.9955">
        <ele>183.5</ele>
      </trkpt>
      <trkpt lat="41.49235" lon="-81.9465">
        <ele>189.3</ele>
      </trkpt>
      <trkpt lat="41.48164" lon="-81.87425">
        <ele>187.9</ele>
      </trkpt>
      <trkpt lat="41.48389" lon="-81.83663">
        <ele>200.5</ele>
      </trkpt>
      <trkpt lat="41.4907" lon="-81.83015">
        <ele>189.1</ele>
      </trkpt>
      <trkpt lat="41.49279" lon="-81.82055">
        <ele>182.1</ele>
      </trkpt>
      <trkpt lat="41.49216" lon="-81.78273">
        <ele>196</ele>
      </trkpt>
      <trkpt lat="41.48552" lon="-81.74667">
        <ele>190.4</ele>
      </trkpt>
      <trkpt lat="41.49043" lon="-81.73322">
        <ele>178.4</ele>
      </trkpt>
      <trkpt lat="41.48885" lon="-81.71494">
        <ele>198</ele>
      </trkpt>
      <trkpt lat="41.5282" lon="-81.63885">
        <ele>189.6</ele>
      </trkpt>
      <trkpt lat="41.53958" lon="-81.63812">
        <ele>176.1</ele>
      </trkpt>
      <trkpt lat="41.54006" lon="-81.62752">
        <ele>190.2</ele>
      </trkpt>
      <trkpt lat="41.54826" lon="-81.61712">
        <ele>189.3</ele>
      </trkpt>
      <trkpt lat="41.54884" lon="-81.60908">
        <ele>179.4</ele>
      </trkpt>
      <trkpt lat="41.5771" lon="-81.5752">
        <ele>181.8</ele>
      </trkpt>
      <trkpt lat="41.58327" lon="-81.55729">
        <ele>177.5</ele>
      </trkpt>
      <trkpt lat="41.59505" lon="-81.55012">
        <ele>181.7</ele>
      </trkpt>
      <trkpt lat="41.61408" lon="-81.51977">
        <ele>183.6</ele>
      </trkpt>
      <trkpt lat="41.62776" lon="-81.48653">
        <ele>186.6</ele>
      </trkpt>
      <trkpt lat="41.6595" lon="-81.45434">
        <ele>188.7</ele>
      </trkpt>
      <trkpt lat="41.65925" lon="-81.43803">
        <ele>188.8</ele>
      </trkpt>
      <trkpt lat="41.66334" lon="-81.43868">
        <ele>189</ele>
      </trkpt>
      <trkpt lat="41.66718" lon="-81.42523">
        <ele>178</ele>
      </trkpt>
      <trkpt lat="41.67967" lon="-81.42643">
        <ele>186.4</ele>
      </trkpt>
      <trkpt lat="41.69379" lon="-81.40855">
        <ele>186.8</ele>
      </trkpt>
      <trkpt lat="41.70508" lon="-81.36194">
        <ele>189.7</ele>
      </trkpt>
      <trkpt lat="41.70502" lon="-81.34802">
        <ele>187.6</ele>
      </trkpt>
      <trkpt lat="41.68454" lon="-81.3181">
        <ele>204.9</ele>
      </trkpt>
      <trkpt lat="41.70193" lon="-81.28108">
        <ele>206.5</ele>
      </trkpt>
      <trkpt lat="41.72542" lon="-81.24839">
        <ele>199.7</ele>
      </trkpt>
      <trkpt lat="41.72656" lon="-81.23948">
        <ele>193.1</ele>
      </trkpt>
      <trkpt lat="41.72649" lon="-81.18706">
        <ele>216.3</ele>
      </trkpt>
      <trkpt lat="41.73139" lon="-81.17694">
        <ele>226.5</ele>
      </trkpt>
      <trkpt lat="41.72723" lon="-81.17112">
        <ele>243.8</ele>
      </trkpt>
      <trkpt lat="41.74784" lon="-81.08055">
        <ele>258.7</ele>
      </trkpt>
      <trkpt lat="41.7429" lon="-81.03782">
        <ele>240.9</ele>
      </trkpt>
      <trkpt lat="41.75674" lon="-81.03096">
        <ele>256.1</ele>
      </trkpt>
      <trkpt lat="41.75966" lon="-80.94121">
        <ele>249.7</ele>
      </trkpt>
      <trkpt lat="41.77197" lon="-80.85193">
        <ele>247</ele>
      </trkpt>
      <trkpt lat="41.85809" lon="-80.79557">
        <ele>213.2</ele>
      </trkpt>
      <trkpt lat="41.89121" lon="-80.80561">
        <ele>190.6</ele>
      </trkpt>
      <trkpt lat="41.89679" lon="-80.8048">
        <ele>191.8</ele>
      </trkpt>
      <trkpt lat="41.90108" lon="-80.79675">
        <ele>176.9</ele>
      </trkpt>
      <trkpt lat="41.90069" lon="-80.78185">
        <ele>193.2</ele>
      </trkpt>
      <trkpt lat="41.91487" lon="-80.75319">
        <ele>190.9</ele>
      </trkpt>
      <trkpt lat="41.92411" lon="-80.69746">
        <ele>192.6</ele>
      </trkpt>
      <trkpt lat="41.9609" lon="-80.56756">
        <ele>191.5</ele>
      </trkpt>
      <trkpt lat="41.95232" lon="-80.56334">
        <ele>196.9</ele>
      </trkpt>
      <trkpt lat="41.95083" lon="-80.55542">
        <ele>194.7</ele>
      </trkpt>
      <trkpt lat="41.94408" lon="-80.55612">
        <ele>201</ele>
      </trkpt>
      <trkpt lat="41.9396" lon="-80.54415">
        <ele>206.4</ele>
      </trkpt>
      <trkpt lat="41.95211" lon="-80.48197">
        <ele>207</ele>
      </trkpt>
      <trkpt lat="41.98053" lon="-80.433">
        <ele>211.8</ele>
      </trkpt>
      <trkpt lat="41.99207" lon="-80.42467">
        <ele>203.3</ele>
      </trkpt>
      <trkpt lat="42.01559" lon="-80.3751">
        <ele>215.6</ele>
      </trkpt>
      <trkpt lat="42.01649" lon="-80.36537">
        <ele>196.8</ele>
      </trkpt>
      <trkpt lat="42.04843" lon="-80.26062">
        <ele>210.6</ele>
      </trkpt>
      <trkpt lat="42.07571" lon="-80.20718">
        <ele>220.6</ele>
      </trkpt>
      <trkpt lat="42.07876" lon="-80.1896">
        <ele>222.6</ele>
      </trkpt>
      <trkpt lat="42.08696" lon="-80.18549">
        <ele>222.6</ele>
      </trkpt>
      <trkpt lat="42.10183" lon="-80.16227">
        <ele>210.8</ele>
      </trkpt>
      <trkpt lat="42.11836" lon="-80.11509">
        <ele>198</ele>
      </trkpt>
      <trkpt lat="42.12699" lon="-80.10909">
        <ele>178.1</ele>
      </trkpt>
      <trkpt lat="42.13459" lon="-80.09347">
        <ele>176.2</ele>
      </trkpt>
      <trkpt lat="42.14141" lon="-80.07247">
        <ele>176.4</ele>
      </trkpt>
      <trkpt lat="42.13626" lon="-80.06675">
        <ele>195.7</ele>
      </trkpt>
      <trkpt lat="42.15312" lon="-80.02345">
        <ele>196.7</ele>
      </trkpt>
      <trkpt lat="42.16962" lon="-80.00036">
        <ele>190.7</ele>
      </trkpt>
      <trkpt lat="42.18561" lon="-79.96151">
        <ele>201.2</ele>
      </trkpt>
      <trkpt lat="42.20082" lon="-79.93785">
        <ele>204.3</ele>
      </trkpt>
      <trkpt lat="42.2103" lon="-79.90418">
        <ele>211.1</ele>
      </trkpt>
      <trkpt lat="42.22431" lon="-79.88113">
        <ele>224.3</ele>
      </trkpt>
      <trkpt lat="42.23608" lon="-79.83417">
        <ele>184</ele>
      </trkpt>
      <trkpt lat="42.2642" lon="-79.77164">
        <ele>185.4</ele>
      </trkpt>
      <trkpt lat="42.29781" lon="-79.67299">
        <ele>198.5</ele>
      </trkpt>
      <trkpt lat="42.3407" lon="-79.5953">
        <ele>183.8</ele>
      </trkpt>
      <trkpt lat="42.34365" lon="-79.58097">
        <ele>188.8</ele>
      </trkpt>
      <trkpt lat="42.37011" lon="-79.52405">
        <ele>197.2</ele>
      </trkpt>
      <trkpt lat="42.41835" lon="-79.44164">
        <ele>189.7</ele>
      </trkpt>
      <trkpt lat="42.41993" lon="-79.43005">
        <ele>192.4</ele>
      </trkpt>
      <trkpt lat="42.44668" lon="-79.41115">
        <ele>185</ele>
      </trkpt>
      <trkpt lat="42.4612" lon="-79.3896">
        <ele>181.7</ele>
      </trkpt>
      <trkpt lat="42.46363" lon="-79.37121">
        <ele>186.8</ele>
      </trkpt>
      <trkpt lat="42.47528" lon="-79.36544">
        <ele>177.1</ele>
      </trkpt>
      <trkpt lat="42.48428" lon="-79.35317">
        <ele>179.5</ele>
      </trkpt>
      <trkpt lat="42.48896" lon="-79.32519">
        <ele>180.7</ele>
      </trkpt>
      <trkpt lat="42.52821" lon="-79.24812">
        <ele>187.4</ele>
      </trkpt>
      <trkpt lat="42.54434" lon="-79.19462">
        <ele>184.7</ele>
      </trkpt>
      <trkpt lat="42.54634" lon="-79.17662">
        <ele>188.5</ele>
      </trkpt>
      <trkpt lat="42.54313" lon="-79.16062">
        <ele>210</ele>
      </trkpt>
      <trkpt lat="42.55666" lon="-79.13588">
        <ele>180.7</ele>
      </trkpt>
      <trkpt lat="42.56487" lon="-79.10946">
        <ele>178.3</ele>
      </trkpt>
      <trkpt lat="42.56988" lon="-79.10145">
        <ele>183.4</ele>
      </trkpt>
      <trkpt lat="42.57925" lon="-79.10661">
        <ele>182.8</ele>
      </trkpt>
      <trkpt lat="42.58535" lon="-79.10335">
        <ele>185.9</ele>
      </trkpt>
      <trkpt lat="42.6193" lon="-79.06185">
        <ele>202.4</ele>
      </trkpt>
      <trkpt lat="42.6739" lon="-79.02529">
        <ele>191.5</ele>
      </trkpt>
      <trkpt lat="42.68505" lon="-79.0131">
        <ele>201.3</ele>
      </trkpt>
      <trkpt lat="42.72486" lon="-78.928">
        <ele>201.2</ele>
      </trkpt>
      <trkpt lat="42.78437" lon="-78.84892">
        <ele>179.7</ele>
      </trkpt>
      <trkpt lat="42.79426" lon="-78.84702">
        <ele>179.7</ele>
      </trkpt>
      <trkpt lat="42.79223" lon="-78.84">
        <ele>180</ele>
      </trkpt>
      <trkpt lat="42.79775" lon="-78.83986">
        <ele>178.5</ele>
      </trkpt>
      <trkpt lat="42.79716" lon="-78.82913">
        <ele>180.4</ele>
      </trkpt>
      <trkpt lat="42.82576" lon="-78.82775">
        <ele>191.7</ele>
      </trkpt>
      <trkpt lat="42.82748" lon="-78.85186">
        <ele>181.2</ele>
      </trkpt>
      <trkpt lat="42.86923" lon="-78.86906">
        <ele>177</ele>
      </trkpt>
      <trkpt lat="42.87781" lon="-78.87901">
        <ele>177.6</ele>
      </trkpt>
      <trkpt lat="42.88883" lon="-78.87457">
        <ele>186.7</ele>
      </trkpt>
      <trkpt lat="42.91115" lon="-78.90003">
        <ele>189.3</ele>
      </trkpt>
      <trkpt lat="42.92936" lon="-78.89755">
        <ele>176.7</ele>
      </trkpt>
      <trkpt lat="42.94413" lon="-78.90923">
        <ele>175.2</ele>
      </trkpt>
      <trkpt lat="42.95493" lon="-78.91105">
        <ele>173.7</ele>
      </trkpt>
      <trkpt lat="42.97686" lon="-78.93317">
        <ele>176.5</ele>
      </trkpt>
      <trkpt lat="42.99337" lon="-78.93437">
        <ele>176</ele>
      </trkpt>
      <trkpt lat="43.00282" lon="-78.92547">
        <ele>172.6</ele>
      </trkpt>
      <trkpt lat="43.0235" lon="-78.88252">
        <ele>172.4</ele>
      </trkpt>
      <trkpt lat="43.02067" lon="-78.88001">
        <ele>175.2</ele>
      </trkpt>
      <trkpt lat="43.02302" lon="-78.86797">
        <ele>173.2</ele>
      </trkpt>
      <trkpt lat="43.01922" lon="-78.83918">
        <ele>173.8</ele>
      </trkpt>
      <trkpt lat="43.03125" lon="-78.82355">
        <ele>174</ele>
      </trkpt>
      <trkpt lat="43.04106" lon="-78.82727">
        <ele>173.9</ele>
      </trkpt>
      <trkpt lat="43.05438" lon="-78.80488">
        <ele>175</ele>
      </trkpt>
      <trkpt lat="43.06597" lon="-78.80061">
        <ele>174.2</ele>
      </trkpt>
      <trkpt lat="43.0652" lon="-78.77793">
        <ele>173.7</ele>
      </trkpt>
      <trkpt lat="43.07037" lon="-78.76027">
        <ele>175.4</ele>
      </trkpt>
      <trkpt lat="43.06855" lon="-78.74005">
        <ele>175.1</ele>
      </trkpt>
      <trkpt lat="43.08192" lon="-78.73579">
        <ele>174.4</ele>
      </trkpt>
      <trkpt lat="43.08545" lon="-78.72773">
        <ele>176.6</ele>
      </trkpt>
      <trkpt lat="43.10935" lon="-78.73946">
        <ele>181.6</ele>
      </trkpt>
      <trkpt lat="43.16474" lon="-78.69982">
        <ele>183.5</ele>
      </trkpt>
      <trkpt lat="43.17002" lon="-78.70185">
        <ele>185.8</ele>
      </trkpt>
      <trkpt lat="43.17006" lon="-78.69451">
        <ele>173.4</ele>
      </trkpt>
      <trkpt lat="43.18413" lon="-78.67429">
        <ele>156.4</ele>
      </trkpt>
      <trkpt lat="43.19232" lon="-78.64617">
        <ele>155.9</ele>
      </trkpt>
      <trkpt lat="43.20163" lon="-78.56041">
        <ele>156.1</ele>
      </trkpt>
      <trkpt lat="43.20926" lon="-78.54103">
        <ele>157.3</ele>
      </trkpt>
      <trkpt lat="43.215" lon="-78.50433">
        <ele>156.9</ele>
      </trkpt>
      <trkpt lat="43.21218" lon="-78.4802">
        <ele>154.5</ele>
      </trkpt>
      <trkpt lat="43.21951" lon="-78.45063">
        <ele>157</ele>
      </trkpt>
      <trkpt lat="43.21386" lon="-78.43751">
        <ele>155.8</ele>
      </trkpt>
      <trkpt lat="43.22242" lon="-78.42058">
        <ele>156.4</ele>
      </trkpt>
      <trkpt lat="43.22581" lon="-78.39213">
        <ele>156.3</ele>
      </trkpt>
      <trkpt lat="43.22184" lon="-78.3835">
        <ele>156.4</ele>
      </trkpt>
      <trkpt lat="43.23134" lon="-78.37078">
        <ele>158.2</ele>
      </trkpt>
      <trkpt lat="43.24826" lon="-78.29409">
        <ele>154.4</ele>
      </trkpt>
      <trkpt lat="43.2564" lon="-78.22684">
        <ele>155.4</ele>
      </trkpt>
      <trkpt lat="43.24774" lon="-78.20805">
        <ele>155.4</ele>
      </trkpt>
      <trkpt lat="43.25501" lon="-78.06162">
        <ele>154.6</ele>
      </trkpt>
      <trkpt lat="43.23687" lon="-78.02548">
        <ele>156</ele>
      </trkpt>
      <trkpt lat="43.22595" lon="-78.01774">
        <ele>153.1</ele>
      </trkpt>
      <trkpt lat="43.22322" lon="-78.00068">
        <ele>155.6</ele>
      </trkpt>
      <trkpt lat="43.21401" lon="-77.981">
        <ele>154.6</ele>
      </trkpt>
      <trkpt lat="43.21701" lon="-77.93831">
        <ele>156.3</ele>
      </trkpt>
      <trkpt lat="43.21182" lon="-77.8952">
        <ele>156.6</ele>
      </trkpt>
      <trkpt lat="43.20403" lon="-77.88451">
        <ele>158.8</ele>
      </trkpt>
      <trkpt lat="43.19757" lon="-77.85901">
        <ele>152.8</ele>
      </trkpt>
      <trkpt lat="43.20046" lon="-77.84009">
        <ele>158.2</ele>
      </trkpt>
      <trkpt lat="43.19558" lon="-77.80276">
        <ele>156.5</ele>
      </trkpt>
      <trkpt lat="43.19014" lon="-77.79393">
        <ele>158</ele>
      </trkpt>
      <trkpt lat="43.19167" lon="-77.77747">
        <ele>156.9</ele>
      </trkpt>
      <trkpt lat="43.18746" lon="-77.7554">
        <ele>156.9</ele>
      </trkpt>
      <trkpt lat="43.18993" lon="-77.73639">
        <ele>158.1</ele>
      </trkpt>
      <trkpt lat="43.18401" lon="-77.7251">
        <ele>156.8</ele>
      </trkpt>
      <trkpt lat="43.18469" lon="-77.7017">
        <ele>159</ele>
      </trkpt>
      <trkpt lat="43.18069" lon="-77.70161">
        <ele>159.8</ele>
      </trkpt>
      <trkpt lat="43.17118" lon="-77.67976">
        <ele>156.8</ele>
      </trkpt>
      <trkpt lat="43.14709" lon="-77.67227">
        <ele>166.8</ele>
      </trkpt>
      <trkpt lat="43.1214" lon="-77.6449">
        <ele>156.9</ele>
      </trkpt>
      <trkpt lat="43.12265" lon="-77.63985">
        <ele>158.9</ele>
      </trkpt>
      <trkpt lat="43.11398" lon="-77.62681">
        <ele>157.6</ele>
      </trkpt>
      <trkpt lat="43.09441" lon="-77.56308">
        <ele>149.3</ele>
      </trkpt>
      <trkpt lat="43.09059" lon="-77.53631">
        <ele>139.9</ele>
      </trkpt>
      <trkpt lat="43.09398" lon="-77.51658">
        <ele>144.2</ele>
      </trkpt>
      <trkpt lat="43.06536" lon="-77.48672">
        <ele>139.9</ele>
      </trkpt>
      <trkpt lat="43.06059" lon="-77.47554">
        <ele>141.7</ele>
      </trkpt>
      <trkpt lat="43.06507" lon="-77.46665">
        <ele>146.6</ele>
      </trkpt>
      <trkpt lat="43.07907" lon="-77.45721">
        <ele>146</ele>
      </trkpt>
      <trkpt lat="43.07942" lon="-77.40216">
        <ele>160.3</ele>
      </trkpt>
      <trkpt lat="43.08753" lon="-77.40135">
        <ele>141.4</ele>
      </trkpt>
      <trkpt lat="43.0752" lon="-77.3695">
        <ele>141.4</ele>
      </trkpt>
      <trkpt lat="43.07832" lon="-77.3256">
        <ele>140.3</ele>
      </trkpt>
      <trkpt lat="43.07153" lon="-77.28938">
        <ele>141.1</ele>
      </trkpt>
      <trkpt lat="43.06131" lon="-77.26685">
        <ele>132.7</ele>
      </trkpt>
      <trkpt lat="43.06533" lon="-77.22978">
        <ele>137.4</ele>
      </trkpt>
      <trkpt lat="43.06808" lon="-77.2293">
        <ele>130.9</ele>
      </trkpt>
      <trkpt lat="43.06338" lon="-77.213">
        <ele>130.9</ele>
      </trkpt>
      <trkpt lat="43.06673" lon="-77.18186">
        <ele>130.9</ele>
      </trkpt>
      <trkpt lat="43.04369" lon="-77.16409">
        <ele>131</ele>
      </trkpt>
      <trkpt lat="43.04099" lon="-77.15563">
        <ele>131.6</ele>
      </trkpt>
      <trkpt lat="43.05274" lon="-77.12892">
        <ele>130.9</ele>
      </trkpt>
      <trkpt lat="43.04738" lon="-77.10431">
        <ele>129.2</ele>
      </trkpt>
      <trkpt lat="43.04722" lon="-77.0795">
        <ele>128</ele>
      </trkpt>
      <trkpt lat="43.05457" lon="-77.07224">
        <ele>134.3</ele>
      </trkpt>
      <trkpt lat="43.06958" lon="-77.03523">
        <ele>127.8</ele>
      </trkpt>
      <trkpt lat="43.06298" lon="-77.01826">
        <ele>130.3</ele>
      </trkpt>
      <trkpt lat="43.05982" lon="-76.96573">
        <ele>128.8</ele>
      </trkpt>
      <trkpt lat="43.07549" lon="-76.95659">
        <ele>123.3</ele>
      </trkpt>
      <trkpt lat="43.07869" lon="-76.93906">
        <ele>121.9</ele>
      </trkpt>
      <trkpt lat="43.08479" lon="-76.92971">
        <ele>124.5</ele>
      </trkpt>
      <trkpt lat="43.08957" lon="-76.89258">
        <ele>118.8</ele>
      </trkpt>
      <trkpt lat="43.08275" lon="-76.87035">
        <ele>120.5</ele>
      </trkpt>
      <trkpt lat="43.07991" lon="-76.87248">
        <ele>125.1</ele>
      </trkpt>
      <trkpt lat="43.06137" lon="-76.85651">
        <ele>125.3</ele>
      </trkpt>
      <trkpt lat="43.06132" lon="-76.84853">
        <ele>127.4</ele>
      </trkpt>
      <trkpt lat="43.02694" lon="-76.83461">
        <ele>123.1</ele>
      </trkpt>
      <trkpt lat="43.02037" lon="-76.81442">
        <ele>133.5</ele>
      </trkpt>
      <trkpt lat="43.02336" lon="-76.74481">
        <ele>116.1</ele>
      </trkpt>
      <trkpt lat="43.01623" lon="-76.7029">
        <ele>120.3</ele>
      </trkpt>
      <trkpt lat="43.02026" lon="-76.66095">
        <ele>140.6</ele>
      </trkpt>
      <trkpt lat="43.02518" lon="-76.64472">
        <ele>151.7</ele>
      </trkpt>
      <trkpt lat="43.03552" lon="-76.63449">
        <ele>129.1</ele>
      </trkpt>
      <trkpt lat="43.03894" lon="-76.61519">
        <ele>121</ele>
      </trkpt>
      <trkpt lat="43.04388" lon="-76.57146">
        <ele>123.6</ele>
      </trkpt>
      <trkpt lat="43.05554" lon="-76.55808">
        <ele>123</ele>
      </trkpt>
      <trkpt lat="43.05682" lon="-76.54099">
        <ele>125.7</ele>
      </trkpt>
      <trkpt lat="43.06477" lon="-76.52843">
        <ele>121.8</ele>
      </trkpt>
      <trkpt lat="43.0659" lon="-76.47356">
        <ele>125.2</ele>
      </trkpt>
      <trkpt lat="43.07082" lon="-76.44164">
        <ele>124.8</ele>
      </trkpt>
      <trkpt lat="43.08494" lon="-76.40492">
        <ele>124.3</ele>
      </trkpt>
      <trkpt lat="43.08539" lon="-76.37011">
        <ele>124.8</ele>
      </trkpt>
      <trkpt lat="43.07795" lon="-76.33161">
        <ele>125.1</ele>
      </trkpt>
      <trkpt lat="43.05585" lon="-76.31153">
        <ele>124.8</ele>
      </trkpt>
      <trkpt lat="43.05209" lon="-76.30123">
        <ele>124.7</ele>
      </trkpt>
      <trkpt lat="43.06346" lon="-76.26858">
        <ele>125</ele>
      </trkpt>
      <trkpt lat="43.06634" lon="-76.25257">
        <ele>141.4</ele>
      </trkpt>
      <trkpt lat="43.06354" lon="-76.24282">
        <ele>139.7</ele>
      </trkpt>
      <trkpt lat="43.06956" lon="-76.23668">
        <ele>122.8</ele>
      </trkpt>
      <trkpt lat="43.05952" lon="-76.19927">
        <ele>129.9</ele>
      </trkpt>
      <trkpt lat="43.04845" lon="-76.19195">
        <ele>156.8</ele>
      </trkpt>
      <trkpt lat="43.05206" lon="-76.18294">
        <ele>124.3</ele>
      </trkpt>
      <trkpt lat="43.0481" lon="-76.17543">
        <ele>124.4</ele>
      </trkpt>
      <trkpt lat="43.04935" lon="-76.12167">
        <ele>129.7</ele>
      </trkpt>
      <trkpt lat="43.05565" lon="-76.08086">
        <ele>128.2</ele>
      </trkpt>
      <trkpt lat="43.0489" lon="-76.06946">
        <ele>128.1</ele>
      </trkpt>
      <trkpt lat="43.05107" lon="-76.05813">
        <ele>128.5</ele>
      </trkpt>
      <trkpt lat="43.04229" lon="-76.04584">
        <ele>127.8</ele>
      </trkpt>
      <trkpt lat="43.04359" lon="-76.01192">
        <ele>127.8</ele>
      </trkpt>
      <trkpt lat="43.0563" lon="-75.9933">
        <ele>130.8</ele>
      </trkpt>
      <trkpt lat="43.06097" lon="-75.95911">
        <ele>127.8</ele>
      </trkpt>
      <trkpt lat="43.07689" lon="-75.93582">
        <ele>128.2</ele>
      </trkpt>
      <trkpt lat="43.07095" lon="-75.88953">
        <ele>128.5</ele>
      </trkpt>
      <trkpt lat="43.06299" lon="-75.88024">
        <ele>131</ele>
      </trkpt>
      <trkpt lat="43.05805" lon="-75.86067">
        <ele>131.3</ele>
      </trkpt>
      <trkpt lat="43.0756" lon="-75.78498">
        <ele>131.1</ele>
      </trkpt>
      <trkpt lat="43.0799" lon="-75.72998">
        <ele>130.9</ele>
      </trkpt>
      <trkpt lat="43.09941" lon="-75.6879">
        <ele>130.8</ele>
      </trkpt>
      <trkpt lat="43.11792" lon="-75.66931">
        <ele>130.6</ele>
      </trkpt>
      <trkpt lat="43.1412" lon="-75.67743">
        <ele>130.1</ele>
      </trkpt>
      <trkpt lat="43.14884" lon="-75.67487">
        <ele>129.6</ele>
      </trkpt>
      <trkpt lat="43.15787" lon="-75.66868">
        <ele>128.8</ele>
      </trkpt>
      <trkpt lat="43.16884" lon="-75.65043">
        <ele>128.8</ele>
      </trkpt>
      <trkpt lat="43.17898" lon="-75.64462">
        <ele>128.8</ele>
      </trkpt>
      <trkpt lat="43.18698" lon="-75.62735">
        <ele>128.8</ele>
      </trkpt>
      <trkpt lat="43.20079" lon="-75.6118">
        <ele>131.2</ele>
      </trkpt>
      <trkpt lat="43.20904" lon="-75.61912">
        <ele>127.9</ele>
      </trkpt>
      <trkpt lat="43.2074" lon="-75.57707">
        <ele>128.3</ele>
      </trkpt>
      <trkpt lat="43.22037" lon="-75.54249">
        <ele>130.7</ele>
      </trkpt>
      <trkpt lat="43.22594" lon="-75.49623">
        <ele>130.7</ele>
      </trkpt>
      <trkpt lat="43.21069" lon="-75.4574">
        <ele>137.2</ele>
      </trkpt>
      <trkpt lat="43.20242" lon="-75.45593">
        <ele>133.6</ele>
      </trkpt>
      <trkpt lat="43.20255" lon="-75.44859">
        <ele>131.3</ele>
      </trkpt>
      <trkpt lat="43.19385" lon="-75.43683">
        <ele>131.2</ele>
      </trkpt>
      <trkpt lat="43.19535" lon="-75.4165">
        <ele>127.6</ele>
      </trkpt>
      <trkpt lat="43.18477" lon="-75.37429">
        <ele>130.9</ele>
      </trkpt>
      <trkpt lat="43.15837" lon="-75.33151">
        <ele>129</ele>
      </trkpt>
      <trkpt lat="43.1676" lon="-75.32412">
        <ele>127.5</ele>
      </trkpt>
      <trkpt lat="43.13457" lon="-75.27854">
        <ele>122.8</ele>
      </trkpt>
      <trkpt lat="43.10927" lon="-75.20997">
        <ele>128.2</ele>
      </trkpt>
      <trkpt lat="43.10589" lon="-75.18247">
        <ele>122.8</ele>
      </trkpt>
      <trkpt lat="43.09428" lon="-75.15575">
        <ele>122.9</ele>
      </trkpt>
      <trkpt lat="43.09651" lon="-75.15257">
        <ele>129.3</ele>
      </trkpt>
      <trkpt lat="43.0856" lon="-75.16051">
        <ele>128.9</ele>
      </trkpt>
      <trkpt lat="43.07678" lon="-75.13308">
        <ele>124.6</ele>
      </trkpt>
      <trkpt lat="43.04961" lon="-75.08323">
        <ele>126</ele>
      </trkpt>
      <trkpt lat="43.02361" lon="-75.05353">
        <ele>120.8</ele>
      </trkpt>
      <trkpt lat="43.02203" lon="-75.03472">
        <ele>117.4</ele>
      </trkpt>
      <trkpt lat="43.01339" lon="-75.0119">
        <ele>119.4</ele>
      </trkpt>
      <trkpt lat="43.01888" lon="-74.96401">
        <ele>116.5</ele>
      </trkpt>
      <trkpt lat="43.01484" lon="-74.90845">
        <ele>116.8</ele>
      </trkpt>
      <trkpt lat="43.02382" lon="-74.87679">
        <ele>116.5</ele>
      </trkpt>
      <trkpt lat="43.03746" lon="-74.86067">
        <ele>115</ele>
      </trkpt>
      <trkpt lat="43.03904" lon="-74.85098">
        <ele>119.7</ele>
      </trkpt>
      <trkpt lat="43.02872" lon="-74.82629">
        <ele>103.9</ele>
      </trkpt>
      <trkpt lat="43.02748" lon="-74.81249">
        <ele>102.5</ele>
      </trkpt>
      <trkpt lat="43.00961" lon="-74.78583">
        <ele>104.4</ele>
      </trkpt>
      <trkpt lat="42.99165" lon="-74.72806">
        <ele>100.8</ele>
      </trkpt>
      <trkpt lat="42.99211" lon="-74.67292">
        <ele>97.2</ele>
      </trkpt>
      <trkpt lat="42.98368" lon="-74.65638">
        <ele>98</ele>
      </trkpt>
      <trkpt lat="42.95942" lon="-74.63372">
        <ele>97.6</ele>
      </trkpt>
      <trkpt lat="42.92241" lon="-74.61581">
        <ele>96</ele>
      </trkpt>
      <trkpt lat="42.90529" lon="-74.58703">
        <ele>91.5</ele>
      </trkpt>
      <trkpt lat="42.90406" lon="-74.559">
        <ele>94.4</ele>
      </trkpt>
      <trkpt lat="42.8904" lon="-74.51742">
        <ele>96.2</ele>
      </trkpt>
      <trkpt lat="42.89438" lon="-74.47055">
        <ele>91.1</ele>
      </trkpt>
      <trkpt lat="42.90668" lon="-74.45599">
        <ele>91.1</ele>
      </trkpt>
      <trkpt lat="42.93908" lon="-74.40402">
        <ele>94.6</ele>
      </trkpt>
      <trkpt lat="42.94729" lon="-74.38274">
        <ele>92.4</ele>
      </trkpt>
      <trkpt lat="42.94093" lon="-74.344">
        <ele>91.8</ele>
      </trkpt>
      <trkpt lat="42.92798" lon="-74.3007">
        <ele>93.5</ele>
      </trkpt>
      <trkpt lat="42.93019" lon="-74.28976">
        <ele>91.2</ele>
      </trkpt>
      <trkpt lat="42.95027" lon="-74.26427">
        <ele>85.9</ele>
      </trkpt>
      <trkpt lat="42.95209" lon="-74.22617">
        <ele>87.5</ele>
      </trkpt>
      <trkpt lat="42.91639" lon="-74.16187">
        <ele>84.7</ele>
      </trkpt>
      <trkpt lat="42.91594" lon="-74.14147">
        <ele>79.4</ele>
      </trkpt>
      <trkpt lat="42.90279" lon="-74.09746">
        <ele>80.9</ele>
      </trkpt>
      <trkpt lat="42.87664" lon="-74.06117">
        <ele>85.5</ele>
      </trkpt>
      <trkpt lat="42.87257" lon="-74.04494">
        <ele>77.2</ele>
      </trkpt>
      <trkpt lat="42.84759" lon="-74.01672">
        <ele>73.6</ele>
      </trkpt>
      <trkpt lat="42.84554" lon="-74.00867">
        <ele>72.5</ele>
      </trkpt>
      <trkpt lat="42.84837" lon="-74.00439">
        <ele>70.2</ele>
      </trkpt>
      <trkpt lat="42.81958" lon="-73.98595">
        <ele>70</ele>
      </trkpt>
      <trkpt lat="42.81463" lon="-73.978">
        <ele>69.8</ele>
      </trkpt>
      <trkpt lat="42.8134" lon="-73.96718">
        <ele>63.9</ele>
      </trkpt>
      <trkpt lat="42.81614" lon="-73.93885">
        <ele>73.4</ele>
      </trkpt>
      <trkpt lat="42.8366" lon="-73.92031">
        <ele>77.9</ele>
      </trkpt>
      <trkpt lat="42.84835" lon="-73.89083">
        <ele>74.8</ele>
      </trkpt>
      <trkpt lat="42.84147" lon="-73.88191">
        <ele>82.1</ele>
      </trkpt>
      <trkpt lat="42.82787" lon="-73.88405">
        <ele>108.5</ele>
      </trkpt>
      <trkpt lat="42.8157" lon="-73.86566">
        <ele>98.1</ele>
      </trkpt>
      <trkpt lat="42.81661" lon="-73.85973">
        <ele>74.3</ele>
      </trkpt>
      <trkpt lat="42.78139" lon="-73.83061">
        <ele>57.7</ele>
      </trkpt>
      <trkpt lat="42.77168" lon="-73.81072">
        <ele>58.4</ele>
      </trkpt>
      <trkpt lat="42.77268" lon="-73.79819">
        <ele>60.8</ele>
      </trkpt>
      <trkpt lat="42.7854" lon="-73.78487">
        <ele>70.3</ele>
      </trkpt>
      <trkpt lat="42.78319" lon="-73.7662">
        <ele>75.6</ele>
      </trkpt>
      <trkpt lat="42.7856" lon="-73.75976">
        <ele>78.7</ele>
      </trkpt>
      <trkpt lat="42.79092" lon="-73.76064">
        <ele>65.6</ele>
      </trkpt>
      <trkpt lat="42.78759" lon="-73.75521">
        <ele>79.7</ele>
      </trkpt>
      <trkpt lat="42.79793" lon="-73.74059">
        <ele>83.6</ele>
      </trkpt>
      <trkpt lat="42.79556" lon="-73.7273">
        <ele>81.8</ele>
      </trkpt>
      <trkpt lat="42.77288" lon="-73.70548">
        <ele>54.3</ele>
      </trkpt>
      <trkpt lat="42.76091" lon="-73.70403">
        <ele>42.2</ele>
      </trkpt>
      <trkpt lat="42.76198" lon="-73.69945">
        <ele>11.9</ele>
      </trkpt>
      <trkpt lat="42.75394" lon="-73.68972">
        <ele>8.1</ele>
      </trkpt>
      <trkpt lat="42.7481" lon="-73.69022">
        <ele>6.6</ele>
      </trkpt>
      <trkpt lat="42.73532" lon="-73.6993">
        <ele>6.9</ele>
      </trkpt>
      <trkpt lat="42.69844" lon="-73.7052">
        <ele>0.2</ele>
      </trkpt>
      <trkpt lat="42.64421" lon="-73.74933">
        <ele>3.1</ele>
      </trkpt>
      <trkpt lat="42.63958" lon="-73.74601">
        <ele>5.9</ele>
      </trkpt>
      <trkpt lat="42.62706" lon="-73.72609">
        <ele>63.9</ele>
      </trkpt>
      <trkpt lat="42.62042" lon="-73.73317">
        <ele>61.4</ele>
      </trkpt>
      <trkpt lat="42.61156" lon="-73.72643">
        <ele>78.1</ele>
      </trkpt>
      <trkpt lat="42.59589" lon="-73.69955">
        <ele>89.3</ele>
      </trkpt>
      <trkpt lat="42.58007" lon="-73.68946">
        <ele>114.2</ele>
      </trkpt>
      <trkpt lat="42.57973" lon="-73.67763">
        <ele>112.2</ele>
      </trkpt>
      <trkpt lat="42.57498" lon="-73.67802">
        <ele>117.2</ele>
      </trkpt>
      <trkpt lat="42.56443" lon="-73.6556">
        <ele>150.5</ele>
      </trkpt>
      <trkpt lat="42.56321" lon="-73.63958">
        <ele>135.1</ele>
      </trkpt>
      <trkpt lat="42.54694" lon="-73.61236">
        <ele>152.9</ele>
      </trkpt>
      <trkpt lat="42.52395" lon="-73.60698">
        <ele>123.4</ele>
      </trkpt>
      <trkpt lat="42.49846" lon="-73.62457">
        <ele>111.1</ele>
      </trkpt>
      <trkpt lat="42.48288" lon="-73.62908">
        <ele>111.1</ele>
      </trkpt>
      <trkpt lat="42.48065" lon="-73.62509">
        <ele>106.5</ele>
      </trkpt>
      <trkpt lat="42.45892" lon="-73.64725">
        <ele>93.6</ele>
      </trkpt>
      <trkpt lat="42.44025" lon="-73.64882">
        <ele>94.7</ele>
      </trkpt>
      <trkpt lat="42.42917" lon="-73.66119">
        <ele>96.2</ele>
      </trkpt>
      <trkpt lat="42.42822" lon="-73.67578">
        <ele>74.9</ele>
      </trkpt>
      <trkpt lat="42.41365" lon="-73.6806">
        <ele>73.3</ele>
      </trkpt>
      <trkpt lat="42.38996" lon="-73.71921">
        <ele>74.5</ele>
      </trkpt>
      <trkpt lat="42.36422" lon="-73.72854">
        <ele>63.8</ele>
      </trkpt>
      <trkpt lat="42.3558" lon="-73.73981">
        <ele>52.5</ele>
      </trkpt>
      <trkpt lat="42.33313" lon="-73.74631">
        <ele>19</ele>
      </trkpt>
      <trkpt lat="42.28652" lon="-73.74164">
        <ele>38.6</ele>
      </trkpt>
      <trkpt lat="42.27794" lon="-73.74729">
        <ele>44.5</ele>
      </trkpt>
      <trkpt lat="42.27559" lon="-73.75622">
        <ele>46.2</ele>
      </trkpt>
      <trkpt lat="42.26532" lon="-73.76445">
        <ele>48.8</ele>
      </trkpt>
      <trkpt lat="42.26649" lon="-73.7696">
        <ele>61.5</ele>
      </trkpt>
      <trkpt lat="42.25693" lon="-73.77457">
        <ele>49.8</ele>
      </trkpt>
      <trkpt lat="42.25452" lon="-73.78031">
        <ele>37.2</ele>
      </trkpt>
      <trkpt lat="42.25751" lon="-73.78935">
        <ele>3.7</ele>
      </trkpt>
      <trkpt lat="42.23218" lon="-73.8147">
        <ele>63.2</ele>
      </trkpt>
      <trkpt lat="42.19985" lon="-73.81077">
        <ele>65.6</ele>
      </trkpt>
      <trkpt lat="42.19996" lon="-73.82431">
        <ele>60.8</ele>
      </trkpt>
      <trkpt lat="42.18477" lon="-73.8333">
        <ele>64.9</ele>
      </trkpt>
      <trkpt lat="42.17622" lon="-73.84914">
        <ele>46.7</ele>
      </trkpt>
      <trkpt lat="42.15561" lon="-73.84144">
        <ele>48.8</ele>
      </trkpt>
      <trkpt lat="42.14857" lon="-73.85237">
        <ele>62</ele>
      </trkpt>
      <trkpt lat="42.14584" lon="-73.86721">
        <ele>63.8</ele>
      </trkpt>
      <trkpt lat="42.13252" lon="-73.87574">
        <ele>49.6</ele>
      </trkpt>
      <trkpt lat="42.13445" lon="-73.89164">
        <ele>41.5</ele>
      </trkpt>
      <trkpt lat="42.12575" lon="-73.89855">
        <ele>43</ele>
      </trkpt>
      <trkpt lat="42.06699" lon="-73.91708">
        <ele>50.9</ele>
      </trkpt>
      <trkpt lat="42.05877" lon="-73.91574">
        <ele>44.3</ele>
      </trkpt>
      <trkpt lat="42.05853" lon="-73.90891">
        <ele>45.8</ele>
      </trkpt>
      <trkpt lat="42.04806" lon="-73.91193">
        <ele>33.6</ele>
      </trkpt>
      <trkpt lat="42.0457" lon="-73.90661">
        <ele>42.2</ele>
      </trkpt>
      <trkpt lat="42.03776" lon="-73.9116">
        <ele>35.2</ele>
      </trkpt>
      <trkpt lat="42.03002" lon="-73.90336">
        <ele>54.4</ele>
      </trkpt>
      <trkpt lat="41.98632" lon="-73.91409">
        <ele>52.3</ele>
      </trkpt>
      <trkpt lat="41.96276" lon="-73.92391">
        <ele>62.4</ele>
      </trkpt>
      <trkpt lat="41.93118" lon="-73.91311">
        <ele>58.2</ele>
      </trkpt>
      <trkpt lat="41.9316" lon="-73.90826">
        <ele>60.5</ele>
      </trkpt>
      <trkpt lat="41.92631" lon="-73.90553">
        <ele>61.4</ele>
      </trkpt>
      <trkpt lat="41.91414" lon="-73.90588">
        <ele>61</ele>
      </trkpt>
      <trkpt lat="41.90902" lon="-73.88879">
        <ele>76.6</ele>
      </trkpt>
      <trkpt lat="41.88398" lon="-73.8874">
        <ele>125.7</ele>
      </trkpt>
      <trkpt lat="41.87565" lon="-73.87759">
        <ele>89.9</ele>
      </trkpt>
      <trkpt lat="41.85611" lon="-73.88248">
        <ele>86.8</ele>
      </trkpt>
      <trkpt lat="41.84881" lon="-73.86995">
        <ele>115.2</ele>
      </trkpt>
      <trkpt lat="41.8232" lon="-73.87334">
        <ele>99.7</ele>
      </trkpt>
      <trkpt lat="41.79212" lon="-73.86483">
        <ele>102.2</ele>
      </trkpt>
      <trkpt lat="41.78605" lon="-73.8843">
        <ele>77.1</ele>
      </trkpt>
      <trkpt lat="41.76146" lon="-73.87734">
        <ele>122.6</ele>
      </trkpt>
      <trkpt lat="41.74097" lon="-73.87851">
        <ele>74.1</ele>
      </trkpt>
      <trkpt lat="41.72182" lon="-73.89553">
        <ele>57.4</ele>
      </trkpt>
      <trkpt lat="41.72041" lon="-73.89164">
        <ele>61.6</ele>
      </trkpt>
      <trkpt lat="41.71355" lon="-73.89599">
        <ele>61.1</ele>
      </trkpt>
      <trkpt lat="41.70623" lon="-73.88596">
        <ele>46</ele>
      </trkpt>
      <trkpt lat="41.69221" lon="-73.88327">
        <ele>60.4</ele>
      </trkpt>
      <trkpt lat="41.6834" lon="-73.86584">
        <ele>51.8</ele>
      </trkpt>
      <trkpt lat="41.66842" lon="-73.85578">
        <ele>60.4</ele>
      </trkpt>
      <trkpt lat="41.64234" lon="-73.86038">
        <ele>71.2</ele>
      </trkpt>
      <trkpt lat="41.62999" lon="-73.85656">
        <ele>75.2</ele>
      </trkpt>
      <trkpt lat="41.59375" lon="-73.83006">
        <ele>78.5</ele>
      </trkpt>
      <trkpt lat="41.58656" lon="-73.81877">
        <ele>82.1</ele>
      </trkpt>
      <trkpt lat="41.56793" lon="-73.77609">
        <ele>97</ele>
      </trkpt>
      <trkpt lat="41.56892" lon="-73.74421">
        <ele>100.8</ele>
      </trkpt>
      <trkpt lat="41.56568" lon="-73.74075">
        <ele>105.5</ele>
      </trkpt>
      <trkpt lat="41.55195" lon="-73.73123">
        <ele>155.7</ele>
      </trkpt>
      <trkpt lat="41.5364" lon="-73.73444">
        <ele>247.3</ele>
      </trkpt>
      <trkpt lat="41.53076" lon="-73.72023">
        <ele>286.2</ele>
      </trkpt>
      <trkpt lat="41.51195" lon="-73.71584">
        <ele>278.3</ele>
      </trkpt>
      <trkpt lat="41.49595" lon="-73.73118">
        <ele>256.2</ele>
      </trkpt>
      <trkpt lat="41.47176" lon="-73.71488">
        <ele>202.1</ele>
      </trkpt>
      <trkpt lat="41.45753" lon="-73.71416">
        <ele>202</ele>
      </trkpt>
      <trkpt lat="41.42932" lon="-73.70004">
        <ele>156.5</ele>
      </trkpt>
      <trkpt lat="41.42624" lon="-73.67894">
        <ele>162.2</ele>
      </trkpt>
      <trkpt lat="41.42171" lon="-73.67833">
        <ele>155.6</ele>
      </trkpt>
      <trkpt lat="41.41335" lon="-73.68962">
        <ele>161</ele>
      </trkpt>
      <trkpt lat="41.4019" lon="-73.69049">
        <ele>151.8</ele>
      </trkpt>
      <trkpt lat="41.38341" lon="-73.69914">
        <ele>165.3</ele>
      </trkpt>
      <trkpt lat="41.38272" lon="-73.71459">
        <ele>194.8</ele>
      </trkpt>
      <trkpt lat="41.37161" lon="-73.73461">
        <ele>203.6</ele>
      </trkpt>
      <trkpt lat="41.34525" lon="-73.75456">
        <ele>190</ele>
      </trkpt>
      <trkpt lat="41.28754" lon="-73.76947">
        <ele>115.4</ele>
      </trkpt>
      <trkpt lat="41.25214" lon="-73.78848">
        <ele>122.2</ele>
      </trkpt>
      <trkpt lat="41.23811" lon="-73.78738">
        <ele>99.5</ele>
      </trkpt>
      <trkpt lat="41.22936" lon="-73.77708">
        <ele>71.3</ele>
      </trkpt>
      <trkpt lat="41.22273" lon="-73.77761">
        <ele>75</ele>
      </trkpt>
      <trkpt lat="41.19354" lon="-73.79221">
        <ele>97.6</ele>
      </trkpt>
      <trkpt lat="41.1838" lon="-73.80827">
        <ele>106.3</ele>
      </trkpt>
      <trkpt lat="41.15164" lon="-73.82598">
        <ele>75.6</ele>
      </trkpt>
      <trkpt lat="41.11129" lon="-73.80565">
        <ele>86.1</ele>
      </trkpt>
      <trkpt lat="41.09714" lon="-73.81257">
        <ele>70.7</ele>
      </trkpt>
      <trkpt lat="41.07686" lon="-73.83351">
        <ele>70.1</ele>
      </trkpt>
      <trkpt lat="41.0649" lon="-73.81944">
        <ele>58.2</ele>
      </trkpt>
      <trkpt lat="41.05492" lon="-73.82009">
        <ele>54.9</ele>
      </trkpt>
      <trkpt lat="41.04139" lon="-73.83699">
        <ele>53.1</ele>
      </trkpt>
      <trkpt lat="40.98021" lon="-73.86728">
        <ele>34.8</ele>
      </trkpt>
      <trkpt lat="40.96166" lon="-73.86961">
        <ele>39.6</ele>
      </trkpt>
      <trkpt lat="40.94747" lon="-73.85517">
        <ele>70.1</ele>
      </trkpt>
      <trkpt lat="40.93044" lon="-73.87792">
        <ele>36.5</ele>
      </trkpt>
      <trkpt lat="40.88551" lon="-73.89488">
        <ele>7.7</ele>
      </trkpt>
      <trkpt lat="40.87122" lon="-73.91412">
        <ele>10.7</ele>
      </trkpt>
      <trkpt lat="40.86618" lon="-73.92805">
        <ele>8.4</ele>
      </trkpt>
      <trkpt lat="40.86885" lon="-73.93122">
        <ele>4</ele>
      </trkpt>
      <trkpt lat="40.85052" lon="-73.94579">
        <ele>16.8</ele>
      </trkpt>
      <trkpt lat="40.82726" lon="-73.95296">
        <ele>12.5</ele>
      </trkpt>
      <trkpt lat="40.799" lon="-73.97582">
        <ele>1.1</ele>
      </trkpt>
      <trkpt lat="40.79976" lon="-73.96847">
        <ele>31.3</ele>
      </trkpt>
    </trkseg>
  </trk>
</gpx>
